,title,title_label,description,description_label
0,박형준 부산시장   수도권 일극 체제 심화 글로벌 허브도시 부산 ,0, 정년 도 기존 만  세에서 만  세로  년  연장 됐다  이는 당초 노사가 월 임금   인상과 성과상여금의 통상임금 반영을 두고 첨예하게 대립해 오다 지방노동위원회의 조정안을 양측이 수용하면서 극적 합의한 것이다  ,0
1,부산 시내버스 파업  시간 만에 종료 창원은 여전히  운행 중단 ,0,노사는 지난해  월 대법원 판결에 따른 정기 상여금의 통상임금 반영  임금   인상   정년   세  연장  준공영제  호봉 폐지  하계휴가비  학자금  명절 보너스 추가 요구 등을 두고 협상을 벌였다  갈등이 큰 부분은  ,0
2,부산 시내버스 노사협상 타결 운행 정상화,1,통상임금에 포함하는 방향으로 임금체계를 개편하기로 했다  이를 반영해 임금은   인상하기로 했으며   정년 은 만  세로  년  연장 했다  노사 합의에 따라 이날 첫 차부터 운행을 중단한 노조는 버스 파업을 철회했다 ,0
3,광주 시내버스 노사 조정회의 중 파업 초읽기,0,노사는 오늘 일  오후  시부터 광주지방고용노동청에서 임금 인상과  정년 연장  등 주요 쟁점에 대해 제 차 조정회의를 진행하고 있습니다  조정회의 기한은 오늘 자정까지로  이 기한을 넘기면 조정이 중지되고 노조는  ,0
4,파업은 유보  교섭은 장기화,0,기본급을 동결하는 대신  쟁점이었던 정기 상여금은 시급에 반영해  가량 임금 인상 효과가 나도록 협의했고   정년 은  연장  없이  세를 유지하기로 했습니다  다만 퇴직금에 대한 이견을 좁히지 못하고 추가 교섭을  ,0
5, 년 만에 버스 파업 반나절 만에 철회,1,또  기사  정년 을 만  살로  년  연장 하기로 했습니다   박성훈 부산지역버스노동조합 위원장    지노위 지방노동위원회  조정위원들의 큰 협조가 있었고 그분들의 말씀에 일리가 있었기 때문에 저희는 흔쾌히  부산시는  ,0
6,창원 시내버스 준공영제 도입 후 두 번째 멈춤,0,노사는 지난해  월 대법원 판결에 따른 정기 상여금의 통상임금 반영  임금   인상   정년   세  연장  등을 두고 접점을 찾지 못한 것으로 알려졌다  특히 갈등을 빚는 부분은 통상임금 부분이다  사측은 통상임금  ,0
7,책임 막중해진 국가 복지 이재명  보편  김문수  선별 대 대선 ,0,노년층을 향해선 국민연금 수급연령에 맞춘 법정  정년 연장 을 단계적으로 추진하겠다고 밝혔다  김 후보는 청년층 불만을 고려해  국민연금  차 개혁 에 착수하겠다고 공약했다  연금개혁위원회에 청년층 참여를  ,0
8,버스 파업  시간 만에 복귀  출근길 혼란,0, 부산지방노동위원회가 제시한 조정안을 양측 모두 수락하셨습니다  상여금을 없애고 기본급을 인상하는 방식으로임금 체계를 바꾸면서결과적으로 총임금이   인상되고 정년 도  년  연장 하는 걸로 합의가  ,0
9,이재명  사전투표 전날 정책 공약집 발표 사법 기재부 개편 등 담겨,1,이 밖에 상법개정안 처리와 법정  정년   세 단계적  연장  등도 담겼다  이 후보는 해당 공약을 임기 내 이행하는 데 필요한 재원을 약  조 원으로 추산했다  이 후보는  재정 지출을 과도하게 수반하는 공약은 하기 어려워  ,0
10, 시내버스 파업  잠시 멈췄다  내달  일까지 협상  연장 ,1,또 단협에서  정년 은 만 세에서 만 세로  년  연장 했다  부산시의 이번 타결은 노사가 노동위원회에서 제시한 조정안을 수락하면서 이뤄졌다  울산 시내버스 노사도 조정 연장 기간 협상 안 을 준비할 것으로 보인다  또 이  ,0
11,서울 버스 노조  파업 유보 부산   통상임금  협상 타결,0,노사는 그동안 이견을 보여왔던 상여금 등을 통상임금에 포함하는 방향으로 임금체계를 개편해 임금  를 인상하고   정년 을 현행  세에서  년  연장 하는 내용 등에 합의했습니다  박형준 부산시장은  이번 파업사태를  ,0
12,민주  진짜 대한민국 담긴 정책공약집 발간,1, 일제 추진  정년   세 단계적  연장  등이 꼽힌다 민주당은  대 강국 경제 강국 외교안보 강국 문화 강국 민주주의 강국 복지 강국  건설을 위한 민주당의  진짜 성장  전략이 담겨 있다 며  이를 통해 기술주도 성장  ,0
13,부산시내버스 임협 타결 파업으로  년 만에 출근길 올스톱 종합 ,1,노사 양측은 이날 새벽 부산지방노동위원회가 마련한 조정안을 기반으로  성과상여금 폐지 등 임금체계 개편  임금   인상  정년   세에서  년  연장  등에 합의했다  임금 동결 입장을 고수한 시가 입장을 바꾼  ,0
14,전국 버스 총파업 피했다  서울 부산 정상 운행,0, 정년 도 만  세에서  세로  연장 된다  다만 창원 시내버스 노조는 이날 오전  시 첫 차부터 파업에 들어갔다  창원 시내버스의  에 해당하는  대가 파업에 동참했다  앞서 노사는 전날 오후  시부터 이날 오전  시까지  ,0
15,이랜드리테일  관리직 직원 물류센터 발령   비상경영 명분으로 부당 인 ,0,이어  관리직 직원은  년생부터  년생 중 일부를 대상으로  정년 연장  법안 발의 전 원거리 물류센터 발령을 계획하고 있고 업무도 상품  택갈이  및 물류 관리 업무를 전가해 사실상 인력 구조조정을 시도하고  ,0
16,전국 첫 공무직  정년연장  무산 임금피크제 쟁점,1,그런데  정년 연장 을 위한 노사 협의과정에서 이 제도가 무산될 처지에 놓였습니다  대구시가 전제 조건으로 내 건 임금피크제가 문제가 됐습니다  김민재기자가 보도합니다  대구시가 단계적으로 정년을  세까지  ,0
17,부산 버스노조  파업  시간 만에 철회,0,노사는 또 현재 만  세인  정년 을 내년  월 일부터  세로  년  연장 하기로 합의했다  경남 창원지역 시내버스가 파업에 돌입한  일 창원 성산구 시민생활체육관 정류장에서 시민들이 임시 버스 시간표를 들여다보고  ,0
18,광주 시내버스 노사 조정회의 중 파업 초읽기,0,노사는 오늘 일  오후  시부터 광주지방고용노동청에서 임금 인상과  정년 연장  등 주요 쟁점에 대해 제 차 조정회의를 진행하고 있습니다  조정회의 기한은 오늘 자정까지로  이 기한을 넘기면 조정이 중지되고 노조는  ,0
19, 년 만에 버스 파업 반나절 만에 철회,1,또  기사  정년 을 만  살로  년  연장 하기로 했습니다   박성훈 부산지역버스노동조합 위원장    지노위 지방노동위원회  조정위원들의 큰 협조가 있었고 그분들의 말씀에 일리가 있었기 때문에 저희는 흔쾌히  부산시는  ,0
20,대전 학교 급식 파업 장기화 교섭 교착 속 현장 혼선 여전,0,대전시교육청과 학교비정규직연대회의는 지난  일부터 단체교섭을 재개했지만  당직실무원 직종의  정년 연장  및 교섭 일정 문제를 놓고 입장차가 좁혀지지 않으며 협상은 교착 상태다  시교육청은 현재  세로 책정된  ,0
21,대법   통상임금 쇼크 부산 버스기사 월급   인상,0,  임금 오르고  정년 도  연장   일 부산시 등에 따르면 전국자동차노동조합연맹 부산버스노조와 부산시버스운송사업조합은 이날 부산지방노동위원회가 제시한 임금 협약 조정안을 수락하고 총파업을 해제했다  이에  ,0
22,창원 시내버스 노조 시민불편은 뒷전  누구를 위한 파업 ,0,노사는 지난해  월 대법원 판결에 따른 정기 상여금의 통상임금 반영  임금   인상   정년   세  연장  등을 두고 접점을 찾지 못한 것으로 알려졌다  특히 갈등을 빚는 부분은 다른 시도와 마찬가지로 통상임금  ,0
23,광주 시내버스 협상 결렬 시  일 첫차부터  파업 ,0,노조는 올해 임단협에서 임금   인상 호봉 기준 월  만원   세로  정년 연장  등을 요구하고 있다  이에 사측은 해마다 불어나는 적자를 이유로 임금 동결 입장을 고수하고 있는 것으로 전해졌다  광주시는  ,0
24, 부산 시내버스 파업 철회  오후부터 운행 창원 버스   멈췄다,0,양측은 상여금 등을 통상임금에 포함하는 방향으로 임금체계를 개편해 임금  를 인상하고  정년 을 현행  세에서  년  연장 하는 내용 등에 합의했다  앞서 부산 시내버스 노조는 이날 첫차부터 운행을 중단하는 전면  ,0
25,부산 시내버스 노사  내년 임금   인상 합의  종합 ,1, 일 부산시와 부산지방노동위원회 이하 지노위  등에 따르면 부산버스운송사업조합과 부산버스노동조합은 이날 낮  시  분께 정기 상여금의 통상임금 반영   세  정년 연장 을 핵심으로 하는 임금 단체협상 조정안에  ,0
26,역대  최장 지각 도 모자라 성장도 개혁도  뜬구름 공약 ,0, 그래픽 뉴스토마토  주  제 노란봉투법 정년연장  등 재추진 이재명 후보가 지난 대선부터 주장했던 노동시간 단축을 비롯해 연차휴가 확대 등을 핵심 노동 공약으로 발표했습니다  이 후보는 노동시간을  년까지  ,0
27,창원 시내버스 파업  재협상도  시간 째  평행선 ,0, 정년 도 만 세에서  세로  년  연장 됐다  한편 지난  년 준공영제 도입 이후 두 번째 시작된 노조 파업으로 창원시 전체 시내버스의  인  대가 운행을 멈추자 창원시도  누구를 위한 파업이냐 며 노조에 강경한 입장을  ,0
28,창원 시내버스 파업 하루 넘기나 노사 협상 줄다리기,0,앞서 노사는 지난해  월 대법원 판결에 따른 정기 상여금의 통상임금 반영  임금   인상   정년   세  연장  등을 두고 입장차를 좁히지 못해 노조가 이날 오전  시 첫차부터 파업에 들어간 바 있다  시는 당장 임단협  ,0
29,부산 시내버스 노조 파업 철회 조정안 수용,0,양측은 상여금 등을 통상임금에 포함하는 방향으로 임금체계를 개편해 임금  를 인상하고  정년 을 현행  세에서  년  연장 하는 내용 등에 합의했습니다  노조가 파업을 철회하면서 집에서 대기하던 조합원들은  ,0
30, 현장에선  출근길 대란 아직 없지만 서울버스 노사  통상임금  협상 ,1,개선 정년 연장  등 임단협 협의 물꼬 기대 서울시 버스 노조가 임금 인상과 버스 준공영제의 공영화 등을 요구하고 있다  노조의 의견을 받아들이지 않는 서울시와 사측의 입장이 노조와 팽팽하게 대립하며 시민들이  ,0
31,발멈춘 창원 시내버스 시  노조에 강경한 입장,0,노사는 지난해  월 대법원 판결에 따른 정기 상여금의 통상임금 반영  임금   인상   정년   세  연장  등을 두고 접점을 찾지 못한 것으로 알려졌다  특히 갈등을 빚는 부분은 다른 시도와 마찬가지로 통상임금  ,0
32,이재명 공약집 군 검찰 등 권력기관 개혁  성장 등  회복 성장 행 ,1,노동 분야에서는 법정  정년 을  세까지 단계적으로  연장 하고  주  일제를 추진하겠다는 내용이 담겼다   생활밀착형  공약 중 하나인 아동수당은  세까지 점진적으로 확대하고  정부와 부모가 함께 입금하는  ,0
33, 뉴스모음   이차전지 캐즘 회복  베팅 기업들 유증 메자닌 이어진다 ,1,현대차 노조  주 일제   정년연장  해달라 한국경제  현대자동차 노동조합이 올해 임금 및 단체협약 임단협 에서  주  일 근무제 와  정년연장 최장  세  등을 사측에 요구하기로 했다   일 현대차 노조는  ,0
34,이재명  비트코인 현물   허용 대선 공약에 암호화폐 제도화 명시,0,노동 공약에서는 법정  정년 을  세까지 단계적으로  연장 하고  주  일제 도입  포괄임금제 금지   연결되지 않을 권리  보장 등이 포함됐다    실생활 밀착형 공약도 강화 생활 공약으로는 아동수당 지급 연령을  ,0
35,전국 버스 총파업 피했다 서울 부산 정상 운행,0, 정년 도 만  세에서  세로  연장 된다  다만 창원 시내버스 노조는 이날 오전  시 첫 차부터 파업에 들어갔다  창원 시내버스의  에 해당하는  대가 파업에 동참했다  앞서 노사는 전날 오후  시부터 이날 오전  시까지  ,0
36,대선후보  인 선대위  과기   예산 늘리겠다  한목소리,0,이 밖에 민주당은   단과대 설립    병역특례추진 등을  국민의힘은 외부에서 과제를 수주해 연구원의 인건비를 충당하는 연구과제중심운영제도 의 폐지 수준의 개편  연구자  정년 연장  과학기술부총리 및  ,0
37, 헌법상 노동 권  두고도 맞붙었다 이재명  확대  김문수  남용 방지 ,0,연내 입법을 추진하고  정년 연장  시 범정부 지원에 나선다는 복안이다  임금 및 근로시간 개선을 위한 노사자율합의 지원체계를 구축할 계획이다  반면 김 후보는 고령자 고용연장을 추진하겠다고 했다  법정 정년은 현행  ,0
38,현대차 노조  주 일제   정년연장  해달라 ,0,현대자동차 노동조합이 올해 임금 및 단체협약 임단협 에서  주  일 근무제 와  정년연장 최장  세  등을 사측에 요구하기로 했다  자동차 업계  형님  격인 현대차 노조가 이 카드를 꺼내자 다른  ,0
39, 여름 전 타결  외치지만 조선  사 임단협  험난한 교섭 예고,1,올해 교섭의 핵심 쟁점은 예상대로  기본급 인상  정년 연장   임금피크제 폐지다   현대중공업 노조는 기본급을  만 원 인상하고  정년을 만  세까지 연장하며  임금피크제를 없애자고 요구했다  지난해 제시안과  ,0
40, 늙으면  이 돌봐주겠죠  오늘만 산다는 중국  들 근황,0,수치로는  억  만 명에 달했다 고령화가 점차 심해지자 중국은  정년 을  년에서 최장  년까지  연장 했다  남성의  정년 은  세에서  세로  여성 사무직 근로자의  정년 은  세에서  세로 늘었다  생산업 등에 종사하는  ,0
41,저출생 고령화 최전선 될 보건 복지 정책  대선 후보들의 철학은 대선 ,0,노년층을 향해선 국민연금 수급연령에 맞춘 법정  정년 연장 을 단계적으로 추진하겠다고 밝혔다  김문수 후보는 청년층 불만을 고려해  국민연금  차 개혁 에 착수하겠다고 공약했다  연금개혁위원회에 청년층 참여를  ,0
42,부산 시내버스 노사협상 타결 버스노조  파업 철회,0,이를 반영해 임금은   인상하기로 했고   정년 은 만  세에서 만  세로  년  연장 했습니다  노사 합의에 따라 이날 첫 차부터 운행을 중단한 노조는 버스 파업을 철회할 예정입니다  부산에서  년 버스 준공영제  ,0
43,광주 시내버스 노조  총파업 가결,0,조정회의가 결렬되면 내일 아침 첫차부터 파업에 들어갈 예정입니다  노조는 임금   인상과   정년   세  연장 을 요구하고 있고  광주시는 비노조원을 투입하는 방식으로 시내버스 운행 유지 대책을 세우고 있습니다 ,0
44,이랜드리테일  구조조정 속도 일부 직원 강력  반발 ,1, 정년 연장  법안 발의 전 힘든 노동을 전가해 사실상의 인력 구조조정을 한다는 이유다  이 외에도 지원 업무라는 명목으로 암묵적인 강요  휴무 조정  비부가 업무 강요 등 부당 행위가 지속적으로 발생한다는데 비판을  ,0
45,광주 시내버스 마지막 협상 결렬시  일부터 운행 중단,0,노조는 이번 임단협에서 임금   인상과  정년   세까지  연장  등을 주요 요구안으로 내세우고 있다  그러나 사측은 지난해 수준으로 임금을 동결하는 입장을 밝히고 있는 것으로 전해진다  광주시는  년부터  ,0
46,부산 시내버스 노사 협상 타결 버스 운행 정상화 종합 ,0,이밖에 현행  정년 인 만  세를 만  세로  년  연장 했다  앞서 노사는 전날 오후  시부터 지노위에서 마지막 쟁의 조정회의를 열고 이날 오전  시  분까지  시간이 넘는 마라톤협상을 진행했지만  사측과 부산시가 인건비  ,0
47,버스 멈춘 부산 시민 불편 속 하루 만에 극적 타결,0,이와 함께 임금은   인상   정년 도  년 늘려 만  세로  연장 했습니다  최종 조정 결렬 후 약  시간 만에 타결된 결과입니다  노조는 곧바로 파업을 철회했습니다  부산시는 이번 사태가 장기화되지 않도록 끝까지 중재에  ,0
48,부산 시내버스 노사 임단협 극적 타결 총액임금   인상,1,이를 통상임금에 반영하는 방식으로 임금체계가 개편된다   정년 은 만  세에서 만  세로  년  연장 된다  한편 부산 시내버스가 파업으로 운행을 전면 중단한 것은  년 준공영제 도입 이후 처음이다   스트레이트뉴스 부산 ,0
49,부산 시내버스 파업  시간 만에 종료 준공영제 전면 재점검 ,1,노사 양측은 상여금 등을 통상임금에 포함하는 방향으로 임금체계를 개편해 임금  를 인상하고   정년 을 현행  세에서  년  연장 하는 부산노동위원회 조정안을 수락했다  박형준 시장은 시내버스 노사 타결 직후  ,0
50,부산 시내버스 노사 임금인상 합의   시간 만에 운행 재개,1,  인상   정년   살에서  살로  연장  성과상여금과 하계휴가비를 폐지하고 임금체계 개선 등을 뼈대로 하는 노사 합의안을 마련했다  박성훈 부산지역버스노동조합 위원장과 성현도 부산시내버스운송사업조합장이  ,0
51,서울버스  파업 유보  배경엔  캠프 와 물밑 소통,1,그동안 이견을 보여왔던 성과상여금  하계휴가비 등은 폐지하고 이를 통상임금에 포함하는 방향으로 임금체계를 개편하기로 했다  이를 반영해 임금은   인상하기로 했다   정년 은 만  세에서 만  세로  년  연장 했다 ,0
52,대선  마지막 국무회의 대행  새정부  번영의 길 이끌어주길     오 ,1,방식으로 임단협을 체결한 곳은 부산 버스 노사가 처음이다  현재 협상이 벌어지고 있는 서울이나 울산  창원 등 다른 곳에도 부산 버스 노사 합의안이 영향을 미칠 것으로 보인다   정년 은 만  세에서 만  세로  년  연장 했다 ,0
53,  신체 발언  이준석 사퇴요구에 개혁신당  전과는 그럼 괜찮나 ,0, 정년연장  시 청년고용 문제를 지적하는 상식적 질문에 극단적이라고 매도하고 툭하면 어쩌라고 하는 후보  커피 원가도 호텔경제학도 거북섬도 모두 자기 잘못은 하나도 없고 곡해하고 이해 못하는 너희 잘못이라는 후보  ,0
54, 공장 해외 이전  강성노조  때문  포스코 임단협  전운 ,1,올해 노조는 기본급   인상과 철강 경쟁력 강화 공헌금   자사주  주 지급   정년 연장  의료비 지원 제도 신설 등을 포함한  여 건의 요구안을 제시했다  하지만 국내외 경기침체  중국의 저가 공세 속 철강 업황이  ,0
55,부산 시내버스 운행 재개 박형준  시민들께 송구 준공영제 재검토 ,1, 정년 은 만  세에서 만  세로  년  연장 했습니다  박형준 부산시장은 이번 사태로 출근길을 포함한 일상 곳곳에서 큰 불편을 겪으신 시민 여러분께 송구하다는 말씀드리면서도  버스준공영제에 지원되는 시 재정은 모두  ,0
56,산업계 임단협 시즌 스타트 철강 중공업 자동차 등  미국 관세 전쟁 ,1,올해 포스코 노조 요구안은  임금 베이스업   인상  철강 경쟁력 강화 공헌금    자사주  주 지급  정년 연장   의료비 지원 제도 신설 등 일시금 항목  가지와 임금성 항목  가지  단체협약 갱신 항목  가지  ,0
57,부산 시내버스 노조 파업 철회 조정안 수용,0,양측은 상여금 등을 통상임금에 포함하는 방향으로 임금체계를 개편해 임금  를 인상하고  정년 을 현행  세에서  년  연장 하는 내용 등에 합의했습니다  노조는 파업에 들어가면서 조합원에게 자택에 대기하라고  ,0
58,사전투표  자 대결 구도 속 막판 표심잡기 총력전,0,민주당은  법정  정년 을  세로 단계적으로  연장 하겠다 며  관련  를 구성해  년 내 입법을 추진하겠다 고 약속했다    민주화운동 정신의 헌법 전문 수록  대통령  년 연임제  계엄선포 및 재의요구권 요건 강화  ,0
59, 여 야 대선 공약에 한의약 활용 다양한 정책 포함 ,0,이와 함께 저출생 고령화 대응을 위해  결혼 출생 지원 확대  자녀 양육 위한 세제혜택 강화  주택문제 해결  일과 가정이 조화로운 환경 조성  난임부부의 어려움 해결  법정  정년   세로 단계적  연장  및 노후소득  ,0
60,이재명  대통령 된다면 이렇게 공약  건,0,노동 분야에서는 법정  정년 을  세까지 단계적으로  연장 하고  주  일제를 추진하겠다는 내용이 담겼다  포괄임금제 금지를 명문화하는 한편  근무 시간 외  연결되지 않을 권리 를 보장해 저녁 있는 삶을 뒷받침하겠다는  ,0
61,  예산 확대 지역화폐 지원 주 일제  이재명 공약집 발간,0, 일제 추진과  정년   세 단계적  연장  쌀값 정상화  농산물 유통 개혁과 공익직불금 확대  반려동물 치료 표준수가제 도입 등이다  민주당은 공약집에서  경제와 외교 안보  문화  민주주의  복지 등  대 강국 건설을 위한  ,0
62,창원 시내버스  초유의 파업  수백억 재정지원에도 멈춘 운행  시민 불 ,0,노조와 경영진은 지난해  월 대법원 판결에 따른 정기 상여금의 통상임금 반영  임금   인상   정년   세에서  세로  연장 하는 문제 등을 두고 갈등을 빚고 있다  특히 문제가 되는 부분은 통상임금 문제로 양측 모두  ,0
63,부산 버스노조 임금 협상 극적 타결 임금   인상으로 시민 불편 해 ,0,또한 기사들의  정년 은 만  세에서 만  세로  연장 되었다  이번 합의는 부산지방노동위원회가 조정 회의 결렬을 선언한 지 약  시간 만에 이루어졌으며  그동안 노조 소속 기사들은 업무를 멈추고 시내버스 전 노선을  ,0
64,부산 시내버스 노사 협상 타결 박형준 시장  준공영제 전면 재점검 ,1,노사 합의에 따라 시내버스 노동자들의 임금은   인상된다  기존의 성과상여금과 하계휴가비 등은 폐지되고 통상임금에 포함되는 방식으로 임금체계가 전면 개편된다   정년 은 기존 만  세에서 만  세로  년  연장 된다 ,0
65,부산 시내버스 파업 종료 박형준 시장  준공영제 전면 재점검 ,1,이와 함께  정년 도 기존 만  세에서 만  세로  년  연장 하기로 합의했다  임금체계 조정으로 인해 기사들의 총임금은 약   인상되는 효과가 있으며  전국에서 상여금을 통상임금에 반영한 첫 사례로 기록됐다  박형준  ,0
66,부산 시내버스 파업 하루도 안 돼 종료 노사 총액임금   인상 전격 ,0,이번 합의에는 성과상여금과 하계휴가비를 폐지하고 임금 체계를 개선하는 내용이 담겼으며  승무원  정년 을 내년  월  일부터 현행 만  세에서 만  세로  연장 하는 조항도 포함됐다  부산 시내버스는  년부터  ,0
67,부산 버스노사 조정안 합의 버스운행 정상화,1, 를 인상하고  정년 은 만  세로  년  연장 하는 내용의노동위원회 조정안에 합의했습니다 앞서 노사는 상여금의 통상임금 반영과 별도의 임금인상 요구를 놓고 이견을 보였고 노동위원회가 양측 의견을 일부  ,0
68,이재명 공약집 권력기관 고강도 개혁  통한 성장에 방점,1,노동 분야에서는 법정  정년 을  세까지 단계적으로  연장 하고  주  일제를 추진하겠다는 내용이 담겼다  포괄임금제 금지를 명문화하는 한편  근무 시간 외  연결되지 않을 권리 를 보장해 저녁 있는 삶을 뒷받침하겠다는  ,0
69, 성과급도 통상임금 포함  첫 사례 부산  노사합의에 기업들  비상 ,1,이를 반영해 내년부터 총 임금은   인상되며   정년 도  세에서  세로  년  연장 된다  이번 개편은 전국적으로 확산되고 있는 통상임금 논의에 선례가 될 것으로 보인다  지난해  월 대법원이 정기상여금도 통상임금에  ,0
70,부산 시내버스 파업 첫날 노사협상 타결 준공영제 전면 재점검 ,1,양측은 상여금 등을 통상임금에 포함하는 방향으로 임금체계를 개편해 임금  를 인상하고   정년 을 현행  세에서  년  연장 하는 부산지방노동위원회 조정안을 수락했다    부산시내  간선급행버스체계  노선을  ,0
71,부산 시내버스 노사 협상 타결 버스 정상 운행,0,현행  정년 인  세를 오는  년  월  일부터  세로  연장 하기로 했습니다  이번 합의는 전국에서 상여금을 통상임금에 반영하는 방식으로 임단협을 체결한 첫 사례로  다른 지역에도 영향을 미칠 것으로 보입니다 ,0
72,부산 시내버스 노사 협상 타결  운행 재개,1,노사는  정년 을 기존  세에서  세로  년 더  연장 하는 등 추가로 합의점도 찾았다  그동안 노조는  사측과 부산시가 지노위 조정을 수용한다면 파업을 철회할 수 있다 라고 주장해왔다  파업 첫날 다행히 사태가 수습되자  ,0
73,준공영제 시행 후 첫 부산 버스 파업 부산 시내버스 노사협상 타결,0,대신 노사는  년  월  일부터  정년 을 기존 만  세에서 만  세로  연장 한다 는 내용을 단체협약에 포함시키기로 했다  이번 합의는 이날 오전  시  분경 조정회의가 결렬된 지 약  시간 만에 이뤄졌다  버스노조는  ,0
74,광주 시내버스 노조  파업 찬반투표 가결 막바지 협상 착수,0,노조는 올해 임단협에서 임금   인상 호봉 기준 월  만원   세로  정년 연장  등을 요구한다  광주시는 노조가 파업에 돌입할 경우 비조합원  천여명을 투입해 운행률   수준을 유지할 수 있도록 비상  ,0
75,부산 시내버스 노사  임금   인상 타결 파업 철회,1, 정년 은 만  세에서 만  세로  년  연장 했습니다  이번 합의는 이날 오전  시  분께 부산지방노동위원회의 조정 회의가 최종 결렬된 지 약  시간 만에 이뤄졌습니다  단체교섭이 결렬됨에 따라 노조에 소속된 부산  ,0
76, 분 기다려도 안와  창원 시내버스  가 멈춰섰다 서울 유보 부산 ,0,노사는 지난해  월 대법원 판결에 따른 정기상여금의 통상임금 반영  임금   인상   정년   세에서  세  연장  등을 두고 접점을 찾지 못한 것으로 알려졌다  반면 서울과 울산은 파업을 유보했다  서울시내버스노조는  ,0
77,부산 시내버스 노사협상 타결 파업 철회,0,양측은 상여금 등을 통상임금에 포함하는 방향으로 임금체계를 개편해 임금  를 인상하고  정년 을 현행  세에서  년  연장 하는 내용 등으로 부산지방노동위원회가 제시한 조정안을 수락했습니다  앞서 노조가 협상  ,0
78,부산 시내버스 노사 파업 종료 박형준  준공영제 전면 재점검 ,1, 정년 은 기존 만  세에서 만  세로  년  연장 된다  노사는 그동안 월 임금   인상과 성과상여금의 통상임금 반영을 두고 첨예하게 대립해왔으나 지방노동위원회의 조정안을 양측이 수용하면서 극적인 합의에 이르렀다  ,0
79,부산 시내버스 노사협상 타결 임금   인상 종합 ,1, 정년 은 만  세에서 만  세로  년  연장 했다  이번 합의는 이날 오전  시  분께 부산지방노동위원회의 조정 회의가 최종 결렬된 지 약  시간 만에 이뤄졌다  단체교섭이 결렬됨에 따라 노조에 소속된 부산 시내버스  개  ,0
80,부산 시내버스  노사협상 극적 타결 오후  시부터 정상 운행,0,부산 시내버스  개 노선   여 대가 이날 오전  시 분부터 파업으로 멈췄으나  낮  시  분경 정기상여금의 통상임금 반영   정년 연장 세  등에 노사가 합의했다  이어 오후  시께 조정안에 최종  ,0
81,부산 시내버스 노사 조정안 합의 버스 정상운행,0,또 임금은   인상하고  정년 은 만  세에서 만  세로  년  연장 했다  노사는 그동안 월 임금   인상과 성과상여금의 통상임금 반영 등을 두고 견해차를 보여왔다  노사 합의에 따라 오늘 새벽 첫 차부터 운행을  ,0
82,부산 시내버스 노조  총파업 철회 버스 정상 운행 ,0,임금은   인상하며  현행  정년 인  세를 오는  년  월 일부터  세로  연장 하기로 했다  그간 노사는 통상임금 문제를 두고 합의점을 찾지 못한 채 대립해 왔다  노조는 대법원 판결에 따라 상여금은 정당한 권리로  ,0
83,이재명  여성가족부   성평등가족부로 확대하겠다  성평등 추진체 ,0,특별공급 분양 물량 확대  자동육아휴직제도 도입  난임부부를 위한 지원제도 강화  고령자 복지주택 확대 추진  공공신탁제도 도입  법적  정년   세로 단계적  연장   외로움 정책 전담 차관 지정 등을 약속했다 ,0
84, 대 대선  노동 공약  인  색  이재명  보호  김문수 유연화 ,1, 정년 과 관련해서는 국민연금 수급 시점 현행  세  향후  세 에 맞춰 법적  정년 현행  세 을 점진적으로  연장 하겠다고 밝혔다  노동계 일각에서는  제도 도입은 장기적 재정 문제와 기업 인건비 부담  산업별 수용성  ,0
85,부산 시내버스 노사협상 타결 노조  파업 철회,0,이를 반영해 임금은   인상하기로 했고   정년 은 만  세에서 만  세로  년  연장 했습니다  이번 합의는 이날 오전  시  분께 조정 회의가 최종 결렬된 지 약  시간 만에 이뤄졌습니다  노사 합의에 따라 이날 첫  ,0
86,부산 시내버스 노사 협상 극적 타결 버스 운행 재개,1,이밖에  정년 은 만  세까지로  년  연장 됐다  앞서 노사는 전날 오후  시부터 부산지방노동위원회에서 마지막 쟁의 조정회의를 열고  시간이 넘는 협상을 진행했지만  사측인 부산버스조합과 부산시가 지노위 조정안을  ,0
87,부산 시내버스 노사 조정안 합의 파업  시간 만에 정상운행 종합 ,0,당시 부산지방노동위원회는 임금 체계 개편  버스 기사  정년   세에서  세로  연장  등 노사의 요구에 대한 조정안을 제시했다  이때 부산지방노동위원회는  노사는 조정안에 대해 성실히 교섭에 응했으나 준공영제의  ,0
88,부산 시내버스 파업 철회 시간 만에 극적 타결,0,노사는 성과상여금과 하계휴가비를 폐지하고 이를 통상임금에 포함해 임금을   인상하고   정년 도 만  세로  년  연장 하기로 했습니다  이번 합의는 오늘 새벽  시  분 조정 결렬 이후 약  시간 만의 극적 타결로  ,0
89,부산 시내버스 노사 극적 합의 일 오후  시부터 정상 운행 재개,0,이를 반영해 월 임금은   인상되며   정년 도 기존 만  세에서 만  세로  년  연장 된다  그동안 쟁점이었던 정기상여금의 통상임금 반영과 임금 인상률 문제도 이 안에 포함돼 있다  이번 파업은 부산시가  년  ,0
90,부산 시내버스 노사협상 타결에  노조 파업  철회,0,상여금 등 통상임금에 반영 정년  만  세로  년  연장  등 합의 부산 시내버스 노사가 임금 협상을 위한 조정 끝에 마침내 합의했다  전국자동차노동조합연맹 부산버스노조와 부산시버스운송사업조합은  일 낮  시  ,0
91,부산 시내버스 노사협상 타결 파업 철회,0, 정년 은 기존 만  세에서 만  세로  년  연장 된다  노사는 그동안 월 임금   인상과 성과상여금의 통상임금 반영 등을 두고 첨예한 입장차를 보여왔으나  노동위원회의 조정안을 수용하면서 극적으로 타결됐다  이번  ,0
92,부산 시내버스 노사 극적 합의  총파업 철회 버스 정상운행 언제부터 ,0,또한   정년 은 기존 만  세에서 만  세로  년  연장 됐다  한편  이번 파업은  년 부산 버스 준공영제 도입 이후  년 만에 벌어진 사례로 기록됐으며  약  시간 만의 전격 합의로 장기화는 피하게 됐다 ,0
93,부산 시내버스 노사 극적 타결  오후  시 전후 정상 운행 재개,1,이에 따라 실질 임금은   인상되고   정년 은 만  세에서  세로  년  연장 됐다  부산시는 이날 오전부터 전세버스  대를 투입하고 도시철도 및 경전철을 증편 운행하는 등 비상수송대책을 가동했다  박형준  ,0
94,부산 시내버스 노사협상 타결 파업 철회,0, 정년 은 만  세에서 만  세로  년  연장 했다  이번 합의는 이날 오전  시  분께 조정 회의가 최종 결렬된 지 약  시간 만에 이뤄졌다  시내버스 노사는 그동안 월 임금   인상과 성과상여금의 통상임금 반영 등을 두고  ,0
95,부산 시내버스 노사협상 타결 노조  파업 철회,0, 정년 은 만  세에서 만  세로  년  연장 했습니다  이번 합의는 오전  시  분 조정 회의가 최종 결렬된 지  시간 만에 이뤄졌습니다  시내버스 노사는 그동안 월 임금   인상과 성과상여금의 통상임금 반영 등을 두고  ,0
96,부산 시내버스 노사협상 타결 노조  파업 철회,0,상여금 등 통상임금에 반영 정년  만  세로  년  연장  부산 시내버스 노사가 임금 협상을 위한 조정 끝에 마침내 합의에 이르렀다  전국자동차노동조합연맹 부산버스노조와 부산시버스운송사업조합은  일 낮  시  ,0
97, 속보 부산 시내버스 노사 조정안 합의 버스 정상운행,1, 정년 은 만  세에서 만  세로  년  연장 했다  전국에서 상여금을 통상임금에 반영하는 방식은 부산 버스 노사가 처음이다  현재 협상 중인 서울이나 울산  창원 등 다른 곳에도 부산 버스 노사 합의안이 영향을 미칠  ,0
98,부산 버스노사  임단협 조정안  합의 버스 정상운행,0,또  노사는  정년 연장 에도 합의하며 만  세를 만  세로  년 연장했습니다  노조가 파업을 해제하기로 하며 운행을 멈춘 시내버스도 정상 운행에 들어갔습니다  앞서 노사는 어제 오후부터 부산지방노동위원회에서  ,0
99,부산 시내버스 노사협상 타결  버스 운행 정상화,1,노사 양측은 이 합의에서 총액임금   인상   정년   세에서  세로  년  연장  정기상여금의 통상임금 포함과 관련된 대법원 판결에 따른 임금체계 개선 등을 하기로 했다  그러나 이날 오전 시내버스 운행이 중단되면서  ,0
100,부산 시내버스 노사 조정안 합의 버스 정상운행,0,임금체계를 개편하기로 하고 이를 반영해 임금은   인상하기로 했습니다   정년 은 만  세에서 만  세로  년  연장 했습니다  이번 합의는 오전  시  분께 조정 회의가 최종 결렬된 지 약  시간 만에 이뤄졌습니다 ,0
101, 속보  부산 시내버스 노사 조정안 합의 버스 정상운행,1, 정년 은 만  세에서 만  세로  년  연장 했다  이번 합의는 이날 오전  시  분께 조정 회의가 최종 결렬된 지 약  시간 만에 이뤄졌다  시내버스 노사는 그동안 월 임금   인상과 성과상여금의 통상임금 반영 등을 두고  ,0
102, 속보  부산 시내버스 노사 조정안 합의 버스 정상운행,1, 정년 은 만  세에서 만  세로  년  연장 했다  이번 합의는 이날 오전  시  분께 조정 회의가 최종 결렬된 지 약  시간 만에 이뤄졌다  시내버스 노사는 그동안 월 임금   인상과 성과상여금의 통상임금 반영 등을 두고  ,0
103,서울 시내버스  막판 파업 유보  불씨는 여전,0,이들 지자체 노조 역시 주요 쟁점은 통상임금과 임금인상 문제다  광주 시내버스 노조는   임금 인상과  세로  정년 연장 을 요구하고 있다  협상 결렬시  일부터 파업에 돌입하겠다고 예고했다 ,0
104,서울 버스 총파업 유보 배경  투쟁 장기화 예상,0,서울시버스노조는 교섭 안건인  최대  의 임금 인상률 협의  세에서  세로  정년 연장   암행감찰 폐지를 먼저 논의해야 한다고 했다  반면 서울시버스운송사업조합은 임금 구성 개편에 먼저 합의해야 다른 안건을  ,0
105,부산 창원은 파업 강행  출근길 시민들 대혼란,0,한편 광주 시내버스 노조는 임금   인상과  정년   세  연장 을 요구하며  일 첫차부터 전면 파업을 예고했다  울산은 시내버스 노사가 이날 오후  시까지 협상을 계속 이어가면서 모든 시내버스가 파업 없이 정상운행을  ,0
106, 정권 지우고 미래로 이재명   비전 정책과제 공약집 발표,0, 일제 추진  정년   세 단계적  연장  등이 꼽힌다  민주당은  대 강국 경제 강국 외교안보 강국 문화 강국 민주주의 강국 복지 강국  건설을 위한 민주당의  진짜 성장  전략이 담겨 있다 며  이를 통해 기술주도 성장  ,0
107,부산지노위  부산시  버스노사 협상에 나몰라라 시  노력 폄하 ,0,주요 내용으로는  일부 수당 삭제와 정기상여금의 통상임금 포함 등 임금 체계 개편  버스 기사  정년   세에서  세로  연장  등이 있다  노조는 조정안을 받아들였으나 사측인 부산버스운송사업조합이 받아들이지 않았다  ,0
108,매가리 없는 한국  포퓰리즘 판치는 대선 성장을 이끌 지도자를 뽑으려 ,1,구조개혁 없이 재정 확대에만 의존하는 단기 부양책  생산성은 쏙 빠진 노동시간 단축과  정년 연장  구체성이 결여된 규제 완화  재원 대책 없는 복지 확대 등은 한국 경제의 성장 잠재력을 더욱 약화시킬 뿐이다  국가  ,0
109,창원 시내버스  개사  대 파업 년 준공영제 이후 두번째,1,노사는 지난해  월 대법원 판결에 따른 정기 상여금의 통상임금 반영  임금   인상   정년   에서  세  연장  등의 사안에서 이견을 좁히지 못한 것으로 알려졌다  쟁점적으로 불거진 갈등은 다른 시도와 같이  ,0
110,부산 창원 시내버스 전면 파업  울산 광주도  진통 ,0,노조는 통상임금 적용과 임금   인상   정년 연장  등을 요구하며 협상 결렬을 선언했다  창원시는  준공영제 이후 재정지원이 연  억원에서  억원으로 증가했는데  노조 요구를 수용하면  억원으로 늘어난다 며  ,0
111, 현대삼호   년 임금교섭 상견례 노사 상생 교섭 ,1, 현대 조선  사가 공동으로 제시한 요구안은  기본급  만 원 인상  정년 연장   성과급 산출기준 변경 등 내용이 담겨있다  노조의 개별 요구안으로는  하기 휴가비 인상  통상임금 적용범위 확대  자격면허  ,0
112,  사람없다  한탄 언제까지 고용제 혁신  인력난 해법 절실  ,0,한은은 일본의 경우처럼  정년연장  정년 폐지  퇴직 후 재고용 등 기업 특성에 맞는 계속근로 형태를 노사가 합의해 유연하게 채택하도록 하는 방안을 검토할 만하다고 덧붙였다  특히  숙련된 인력 확보가 어려운  ,0
113,주 일 노란봉투법 첨예한 대립 문제는 생산성   낡은 고용제도  ,0,  근로시간 줄이면  노동생산성  향상 노동환경 양극화 우려 생산량 담보 못해    유연근무요건 완화 주  시간제 개선   평균이상 근로 건강권 악화 우려  정년연장 청년일자리 중대재해법 시각차  ,0
114,이재명 공약집   대법관 증원  공식화   대강 보 전면 개방,1,검찰 수사 기소 분리  검사 징계파면 제도 도입 국방부 문민화  군 교육기관 통합  전시작전통제권 환수 경호처 축소  대통령 특별감찰관 즉시 임명 지역화폐 발행 확대  국가지원 의무화 법정  정년   세 단계  연장 입법화  ,0
115,준공영제 도입 후 두 번째 멈춘 창원 시내버스 시  강경 입장,0,노사는 지난해  월 대법원 판결에 따른 정기 상여금의 통상임금 반영  임금   인상   정년   세  연장  등을 두고 접점을 찾지 못한 것으로 알려졌다  특히 갈등을 빚는 부분은 다른 시도와 마찬가지로 통상임금  ,0
116,부산 시내버스 파업 돌입  노조  조정안 수용해야 ,0,정기상여금의 통상임금 포함 등 임금체계 개편   정년 연장 안 등을 지노위가 제안하자 노조는 수용  사측과 부산시는 이를 거부했다  이 때문에 지노위로부터  준공영제 주체인 부산시가 적극적인 자세를 보이지 않고  ,0
117, 정년   세 이후에도  계속 고용  연간  만명  역대 최대 ,1,최근 논란을 빚는 법적  정년 연장 과 별개로 필요 인력의 경우 계속 고용이 이뤄지고 있는 것이다   일 통계청의  경제활동인구조사 에 따르면 지난해  주된 일자리 를 법적 정년 이후인  세에 그만뒀다는 응답자는  ,0
118,서울 시내버스 파업 유보 출근길 대란  모면,1,노조는 기본급   인상과  정년 연장  정기상여금의 통상임금 포함 등을 요구하고 있으나 사측은 임금체계 전면 개편을 우선 조건으로 내세우며 입장차를 보이고 있다  당초 노조는 협상 실패 시 즉시 파업에 돌입한다는  ,0
119,광주 시내버스 노조  총파업 가결,0,조정회의가 결렬되면 내일 아침 첫차부터 파업에 들어갈 예정입니다  노조는 임금   인상과   정년   세  연장 을 요구하고 있고  광주시는 비노조원을 투입하는 방식으로 시내버스 운행 유지 대책을 세우고 있습니다 ,0
120, 버스 너무 안 와  부산 창원 시내버스 파업에 시민들  발동동 종합 ,0,한편 부산 시내버스 노조는 준공영제의 주체인 부산시가  정기상여금 통상임금 포함을 비롯한 임금체계 개편  버스기사  정년   세에서  세로  연장  등 부산지방노동위원회의 중재안을 받아들일 경우 파업을  ,0
121, 르포   경전철도 없는데  창원시  시내버스 올스톱에 발 동동,1,현재 노조는 지난해  월 대법원 판결에 따른 정기 상여금의 통상임금 반영  기본금   인상   정년   세에서  세로  연장  등을 요구하고 있다  반면  사측은 재정 부담 등을 호소하며 이를 수용 못 한다는 입장이다  노조  ,0
122,창원 시내버스 파업  운행 중단,0,노사는 또  임금   인상과  정년 연장  등에 대해서도 이견을 보인 것으로 알려졌습니다  창원시는 출근 전 대체 교통수단과 임시 노선을 시청 홈페이지와 콜센터 등을 통해 미리 확인해 줄 것을 당부했는데요  노사는  ,0
123, 분 넘게 기다려도 안오더라니  부산 시내버스 파업에 시민들  불편 ,0,노조가 지난  일 조정을 신청함에 따라 중재를 맡게 된 부산지방노동위원회는 조정안으로  정기상여금 통상임금 포함을 비롯한 임금체계 개편  버스기사  정년   세에서  세로  연장 을 제시했다  이 역시 끝내  ,0
124,호황 맞은 조선업계 임단협 돌입 여름 전 결론 나올까 ,1,노조는 기본급  만 원 인상   정년 연장  임금피크제 폐지 등 작년과 유사한 수준의 요구안을 마련했다  노사 모두  여름휴가 전 타결에 도달하자 고 한 목소리를 내고 있다  정기선  현대 수석부회장도 지난달 노조  ,0
125, 지각하고 싶어서 지각한게 아니라요 제때 오지 않은 버스  창원서 ,1,노사는 정기 상여금의 통상임금 반영 년  월 대법원 판결 반영  임금   인상   정년 연장 만  세 세  등을 두고 접점을 찾지 못한 것으로 알려졌다  특히 정기 상여금의 통상임금 반영 여부는 창원을 넘어  ,0
126,광주 시내버스 노조  파업   찬성 가결,0,노조는 올해 임단협에서 임금   인상 호봉 기준 월  만원   세로  정년 연장  등을 요구하고 있다  광주시는 노조가 파업에 돌입할 경우 비조합원  여명을 투입해 운행률   수준을 유지할 수 있도록 비상  ,0
127,대구 경북 시내버스   파업  안 하고 정상운행 예정,1,평균  만  원인 시급을   인상하고 만  세인  정년 을  세로의  연장 하라는 것  하지만 사측은 지난해  월 대법원에서 상여금을 통상임금으로 간주한다고 판단함에 따라 임금 자연 상승분이 생겼는데 이 문제부터  ,0
128,부산 창원 시내버스 첫차부터 전면 파업 출근길 시민  발동동 ,0,노사는 지난해  월 대법원 판결에 따른 정기 상여금의 통상임금 반영  임금   인상   정년   세  연장  등을 두고 접점을 찾지 못했다  창원시는 비상수송대책을 수립해 오전  시부터 전세버스  대와 시 소유  ,0
129,창원 시내버스 파업 첫차부터  대 멈췄다,1,노사는 지난해  월 대법원 판결에 따른 정기 상여금의 통상임금 반영  임금   인상   정년   세  연장  등을 두고 접점을 찾지 못한 것으로 알려졌다  특히 갈등을 빚는 부분은 통상임금 부분이다  사측은 통상임금  ,0
130,창원 시내버스 새벽  시부터   운행 멈춰,1,창원 시내버스 노사는 지난해  월 대법원 판결에 따른 정기 상여금의 통상임금 반영  임금   인상   정년   살  연장  등을 두고 접점을 찾지 못했다  사쪽은 통상임금 문제로 인건비 급증이 예상된다며 통상임금과  ,0
131,광주 시내버스 노조 찬성  로 파업 가결,0,일관하는 사측과 광주시에 성실한 교섭을 촉구했습니다  노조는 임금   인상과  정년   세  연장 을 요구하고 있으며  광주시는 비노조원 투입과 노선과 시간표 조정 등으로 시내버스   운행 유지 대책을 세우고 있습니다 ,0
132,광주 시내버스 노조  파업 찬성  로 가결 내일부터 운행 중단 가능성,0,조정이 결렬되고 합의가 이뤄지지 않을 경우  일부터 광주 시내버스  대의 운행이 전면 중단된다  노조는 올해 임금 및 단체협약 임단협 에서 임금   인상과  정년   세  연장  등을 주요 요구안으로 제시했다 ,0
133,광주 시내버스 파업 찬반투표 가결 지노위 조정  결과 촉각,0,광주 버스 노조는 임금   인상  현행  세인  정년 을  세로  연장 해 줄 것 등을 요구하고 있다  광주시는 노조가 파업에 돌입할 경우 비조합원을 투입해 운행률   수준을 유지할 수 있도록 비상 수송계획을  ,0
134,광주 시내버스 운행 차질 생기나  파업 찬반 투표 가결,0,한편 광주 버스 노조는 올해 임금 단체 협약에서 임금   인상 호봉 기준 월  만원 과  세로  정년 연장  등을 요구하고 있다  광주광역시는 노조가 파업에 돌입할 경우 비조합원  여명을 투입해 운행률   ,0
135,창원 시내버스 파업  운행 중단,0,노사는 또  임금   인상과  정년 연장  등에 대해서도 이견을 보인 것으로 알려졌습니다  창원시는 출근 전 대체 교통수단과 임시 노선을 시청 홈페이지와 콜센터 등을 통해 미리 확인해 줄 것을 당부했는데요  노사는  ,0
136,광주 시내버스 노조  파업 찬반투표 가결 오후  차 조정회의,0,노조는 올해 임단협에서 임금   인상 호봉 기준 월  만원   세로  정년 연장  등을 요구한다  광주시는 노조가 파업에 돌입할 경우 비조합원  천여명을 투입해 운행률   수준을 유지할 수 있도록 비상  ,0
137,창원시내버스 파업 돌입 대체 교통수단 투입 ,0,노사는 정기 상여금의 통상임금 반영과 임금   인상   정년 을  세에서  세로  연장 하는 내용 등을 두고 접점을 찾지 못한 것으로 전해집니다  다른 지역들과 마찬가지로 양측은 특히 통상임금 문제로 갈등을  ,0
138,울산 시내버스 노사 조정위원회 오전  시까지  연장 ,0,노조는 사측에 기본급   인상   정년 연장  퇴직금 확보  상여금 통상임금 편입  준공영제 협약 이행 등을 요구하고 있는데요  이 중 핵심은 정기상여금을 통상임금에 포함할지입니다  노조는 지난해  월 대법원이  ,0
139,광주시내버스 노조  찬성률  로 파업 가결 내일 파업 돌입 예고,0,일관하는 사측과 광주시에 성실한 교섭을 촉구했습니다  노조는 임금   인상과  정년   세  연장 을 요구하고 있으며  광주시는 비노조원 투입과 노선과 시간표 조정 등으로 시내버스   운행 유지 대책을 세우고 있습니다 ,0
140,창원 시내버스   멈춘다 일 첫차부터 파업,0,노사는 지난해  월 대법원 판결에 따른 정기 상여금의 통상임금 반영  임금   인상   정년   세  연장  등을 두고 접점을 찾지 못한 것으로 알려졌습니다  특히 갈등을 빚는 부분은 다른 시 도와 마찬가지로 통상임금  ,0
141,창원 버스 파업  대체교통으로도 시민 불편 지속,0,노사 간 분쟁은 통상임금 반영과  정년 연장  등 임금 협상을 중심으로 이어지고 있다  사측은 인건비 증가를 우려해 통상임금과 임금체계 개편을 연계해 논의하려는 반면  노조는 두 사안을 분리해 접근해야 한다고  ,0
142,창원 시내버스 첫차부터 운행 중단 시민 출퇴근 대란 예고,0,협상 주요 쟁점은 지난해  월 대법원 판결로 불거진 정기 상여금의 통상임금 반영  임금   인상   정년   세에서  세로  연장  등이었다  특히 통상임금 산정 방식과 임금협상 분리 여부를 두고 노사 간 이견이 컸다  ,0
143,가톨릭 가르침과 어긋나는 공약 남발  꼼꼼히 따져보고 투표하자 ,0,이 후보는 주  일제 근무를 단계적으로 도입하고  정년 연장 을 추진한다  아울러 플랫폼 중개 수수료율 차별 금지  지자체 근로감독 권한 강화  근로자의 날을 노동절로 명칭 변경 등 노동자 권리 강화를 공약했다  ,0
144,호황 맞은 조선업계 임단협 돌입 여름 전 결론 나올까 ,1,노조는 기본급  만 원 인상   정년 연장  임금피크제 폐지 등 작년과 유사한 수준의 요구안을 마련했다  노사 모두  여름휴가 전 타결에 도달하자 고 한 목소리를 내고 있다  정기선  현대 수석부회장도 지난달 노조  ,0
145,창원 시내버스 노사 임단협 결렬 시민 불편 현실화,0,노조는 지난해  월 대법원 판결에 따른 정기 상여금의 통상임금 반영  기본금   인상   정년   세에서  세로  연장  등을 요구했고  사측은 재정 부담 등을 호소하며 받아들이지 못한 것으로 알려진다  특히 통상임금  ,0
146,창원 시내버스 파업 돌입 일 첫차부터 멈췄다,0,노사는 지난해  월 대법원 판결에 따른 정기 상여금의 통상임금 반영  임금   인상   정년   세  연장  등을 두고 합의점을 찾지 못했다  다른 시 도와 마찬가지로 통상임금 부분에서도 격차가 컸다  사측은  ,0
147,울산 시내버스 조정 기일 다음 주로 정상 운행,0,다만 노조 측 관계자는  노사가 대법원 판결에 따라 정기 상여금 통상임금 반영을 도입하는 대신  기본임금 인상  휴가비   정년 연장  등을 포기하며 어느 정도 타협에 이른 상황이지만 시에서 최종 승인에 소극적인 자세를  ,0
148,창원 시내버스 노조 파업 돌입 협상 결렬로 오늘 첫차부터 멈춰,0,노사는 임금 인상과  정년 연장  통상임금 적용 범위 등을 둘러싸고 이견을 좁히지 못한 것으로 알려졌다  협상이 결렬됨에 따라 노조는 이날 오전  시 첫차부터 총파업에 돌입했다  이번 파업에는 창원지역  개  ,0
149,경남 창원 시내버스 파업 돌입 첫차부터 운행 중단,0,노사는 지난해  월 대법원 판결에 따른 정기 상여금의 통상임금 반영  임금   인상   정년 연장  등을 두고 접점을 찾지 못했습니다  창원시는 파업에 따른 비상수송대책을 수립해 오전  시부터 전세버스  대와 시  ,0
150, 새정부 바란다 경영자   근로시간개선 손경식  주 일제 큰 부담 ,0, 일 경총에 따르면  손경식 회장은 제 대 대통령 선거를 앞두고 연이어 진행한 더불어민주당 이재명 후보  국민의힘 김문수 후보와의 간담회에서 법적  정년연장  주  일제 도입  노동조합법 개정 등에 대한 개선  ,0
151,부산 시내버스 노사 임단협 교섭 결렬 노조 총파업 돌입,0,지방노동위원회 측은 일부 수당 삭제와 정기상여금의 통상임금 포함 등 임금 체계 개편  버스기사  정년   세  연장  방안 등에 대한 조정안을 제시했습니다  노조는 조정안을 받아들였지만 사측인  ,0
152,창원 시내버스   멈춘다 일 첫차부터 파업,0,노사는 지난해  월 대법원 판결에 따른 정기 상여금의 통상임금 반영  임금   인상   정년   세  연장  등을 두고 접점을 찾지 못한 것으로 알려졌다  특히 갈등을 빚는 부분은 다른 시 도와 마찬가지로 통상임금  ,0
153,부산 시내버스 노사 협상 결렬 일 첫차부터 파업,0,주요 내용으로는  일부 수당 삭제와 정기상여금의 통상임금 포함 등 임금 체계 개편  버스 기사  정년   세에서  세로  연장  등이 있다  노조는 조정안을 받아들였으나 사측인 부산버스운송사업조합이 받아들이지  ,0
154,광주광역시  시내버스 파업대비 비상수송대책 마련,0,노조는 임금   인상   정년   세에서  세로  연장  등을 요구하고 있는 반면 사측은 지난해 수준 동결 입장이다  서울  인천  부산 등 타 시도의 쟁점인 통상임금 관련해서는 광주의 경우  년 상여금 등이 통상임금에  ,0
155,조선 건설  숙련 노동자는  정년    훌쩍 넘겨서도 일한다,1,법적  정년 연장  논란과는 별개로 실제 일터에서는 정년이 지났더라도 필요한 인력을 계속 고용하고 있는 것이다  조선 건설  숙련 노동자는   넘어도 대접받는다 정년을 훌쩍 넘겨 일하는  대가 늘어난 것은  ,0
156, 보  서울시 버스 노사 제 차 본교섭 결렬   일 총파업,1,서울시버스노조는  임금   인상  정년   세에서  세로  연장   암행감찰 폐지를 안건으로 제시했다  반면 서울시버스운송사업조합은 임금 구성 개편에 먼저 합의해야 교섭 안건을 논의할 수 있단 입장을  ,0
157,광주광역시  시내버스 파업대비 비상수송 대책회의 가져,0,노조는 임금   인상   정년   세에서  세로  연장  등을 요구하고 있는 반면 사측은 지난해 수준 동결 입장이다  서울  인천  부산 등 타 시도의 쟁점인 통상임금 관련해서는 광주의 경우  년 상여금 등이 통상임금에  ,0
158,광주시  시내버스 파업 대비 비상대책 마련 시민 불편 최소화 총력,0,노조는 임금   인상과  정년 연장 세 세 을 요구하고 있으며  사측은 임금 동결을 주장하고 있다  광주시는 다른 지역과 달리 통상임금 문제가 협상 쟁점에서 제외돼 있으며  파업 기간 동안에는  무노동 무임금  ,0
159,서울 부산 울산 창원 시내버스 파업  코앞 대책 마련 분주,1,이 밖에도 임금   인상   정년   세 세  연장  등을 두고도 노사가 입장차를 좁히지 못하는 것으로 알려졌다  사측은 통상임금 수준을 낮추는 취지의 임금체계 개편을 단행해도 실질적인 월급 인상 효과는 크다고  ,0
160,대구시  공무직  정년 연장  차질 가능성,1,내세워서  정년연장  약속을 뒤집으려 한다 고 주장했다  노조는 교섭 결렬에 따라 지방노동위원회에 노동쟁의 조정을 신청할 예정이라고 밝혔다  이에 따라  정년연장  적용 시점은 조정안이 나올 때까지 무기한 연기될  ,0
161, 노동자 권익 보호  대  기업 규제 완화 당 이념 따라 극과 극 ,1, 법정  정년연장    퇴직 후 재고용 고령 인구 증가세가 가파른 한국은 연금 수급 크레바스 소득 단절기  노동 공급 감소에 따른 생산성 하락 우려도 크다  민주당과 민주노동당은 법정  정년연장 이 필요하다고 했고  ,0
162,광주시  시내버스 파업 대비 비상수송대책 마련,0,노조는 임금   인상   정년   세에서  세로  연장  등을 요구하고 있는 반면 사측은 지난해 수준 동결 입장이다  서울  인천  부산 등 타 시도의 쟁점인 통상임금 관련해서는 광주의 경우  년 상여금 등이 통상임금에  ,0
163,울산 시내버스  개 노선  대 멈춰서나,0,울산버스노조는 올해 임단협에서  기본급   인상  정년 연장 세 세   퇴직금 확보 방안 마련  상여금의 통상임금 편입  준공영제 협약 이행 등을 요구하고 있다  반면 회사 측은 재정 여건과 노선 운영 현실  ,0
164,자동차 업황 흔들리는데 현대차 노조  성과급  천만원 ,0,현대차노조 조합원  명 중 약  명 은 올해 단체교섭 핵심 안건인  정년연장 에 대해  임금 삭감 없는  정년연장 을 원하는 것으로 나타났다  현대차의 정년은 만  세다  이를  세까지 늘려야 한다는 뜻이다  ,0
165,부산 버스노사 마지막 협상 결렬시 총파업,1,  인상과  정년   세  연장 을 요구하고 있습니다 반면 사측은 적자 누적으로 임금인상은 어렵다고 못박았습니다 또 통상임금이 오르면버스운영 자체가 어려워진다며 상여금 폐지 등 임금체계 개편을우선 요구하고  ,0
166,광주시  파업 대비 시내버스   운행 유지 ,0,찬반투표 결과와  일 노동쟁의  차 광주지방노동위원회 조정 결과에 따라 결정될 예정이다  노조는 임금   인상   정년   세에서  세로  연장  등을 요구하고 있는 반면  사측은 지난해 수준 동결 입장이다     ,0
167, 지자체 최초 공무직  정년연장  대구시  임금피크제는 숨겼다,1,  공공운수노조 대구지역지부  지방자치단체 최초로 공무직  정년연장 을 발표한 대구시가  세부터 매년 추가로 임금을  씩 깎는 방안을 제시하면서 노조와 교섭이 결렬됐다  공공연대노조 대구본부 공공운수노조  ,0
168, 동양칼럼   화려한 휴가 윤재걸 작가와 함께,1,그 동가식서가숙의  연장 으로 송년을 보내던 그해 겨울에 윤재걸 선배를 만났다  신군부 말기 그 음험한 시국   정년 퇴임을 마친 나는 작가촌 여기저기로 옮기는 방랑자의 생활이 체질에 딱 맞았다  주로 강원도와 남도  ,0
169,창원 시내버스 파업  막판 협상 진행 중,0,노사는 임금 인상과  정년 연장  통상임금 적용 범위 등을 둘러싸고 이견을 좁히지 못하고 있다  협상 결과는  일 자정을 전후해 나올 것으로 예상된다  노조는 사측과 협상이 결렬되면  일 첫차부터 파업에 들어갈  ,0
170,서울 부산 울산 창원 버스노조 파업  코앞 협상 결과 관심,0,이 밖에도 임금   인상   정년   세 세  연장  등을 두고도 노사가 입장차를 좁히지 못하는 것으로 알려졌다  사측은 통상임금 수준을 낮추는 취지의 임금체계 개편을 단행해도 실질적인 월급 인상 효과는 크다고  ,0
171, 단독   성과급  만원 달라   연봉  억  현대차 노조의 임단협 ,0,현대차노조 조합원  명 중 약  명 은 올해 단체교섭 핵심 안건인  정년연장 에 대해  임금 삭감 없는  정년연장 을 원하는 것으로 나타났다  현대차의 정년은 만  세다  이를  세까지 늘려야 한다는  ,0
172,광주 시내버스  일 전면 파업 예고 시민 불편  초읽기 ,0,이번 임단협에서 노조는 지난해  월 대법원 판결에 따른 정기 상여금의 통상임금 반영  임금   인상   정년   세 세  연장  등을 요구하고 있다  노조는 올  월부터 임금이 조정돼야 하고 도시 근로자  인 가족 기준  ,0
173, 전국 최초  대구시 공무직  세  정년연장  없던 일로 ,1,대구시가  정년연장 을 하는 대신  년에  씩 임금을 삭감하는  임금피크제 를 도입하자는 제안에 대해 노조는  대구시가 약속을 뒤집은 것 이라며 강하게 반발하고 나선 것이다  시는 지방자치단체 최초로  ,0
174,서울 부산 울산 창원 시내버스 파업  코앞 대책 마련 분주,1,이 밖에도 임금   인상   정년   세 세  연장  등을 두고도 노사가 입장차를 좁히지 못하는 것으로 알려졌다  사측은 통상임금 수준을 낮추는 취지의 임금체계 개편을 단행해도 실질적인 월급 인상 효과는 크다고  ,0
175,부산시  버스 파업 대비 전세버스 지하철 증편  비상수송체계 가동,0,노조는 임금   인상과  정년 연장 을 요구하고 있다  이에 대해 사측은 경영 여건을 이유로 수용이 어렵다는 입장을 고수하면서 협상 타결이 늦어지고 있다  시는 노사가 타결에 이르지 못할 경우  일부터 비상 수송  ,0
176, 공무직  정년 연장  뒤집기   임금 삭감 강요  노동존중 없는 대구시 규 ,0,노동조합은 이미 저임금인 공무직의 임금을 매년  씩 삭감하겠다는 계획은 수용불가하며   정년연장 을 뒤집으려는 의도라고 규탄했다  이남진 공공운수노조 대구경북본부 본부장은  국가 중 정년  세인 국가는  ,0
177,서울 부산 울산 창원 시내버스 파업  코앞 대책 마련 분주,1,이 밖에도 임금   인상   정년   세 세  연장  등을 두고도 노사가 입장차를 좁히지 못하는 것으로 알려졌다  사측은 통상임금 수준을 낮추는 취지의 임금체계 개편을 단행해도 실질적인 월급 인상 효과는 크다고  ,0
178,광주시  시내버스 파업 대비 비상수송대책 총력,0,찬반투표 결과와  일 노동쟁의  차 광주지방노동위원회 조정 결과에 따라 결정될 예정이다  노조는 임금   인상   정년   세에서  세로  연장  등을 요구하는 반면  사측은 지난해 수준 동결 입장을 고수하고 있다  광주 ,0
179,광주시  시내버스 파업대비 비상수송대책 마련,0,노조는 임금   인상   정년   세에서  세로  연장  등을 요구하고 있는 반면 사측은 지난해 수준 동결 입장이다  서울  인천  부산 등 타 시도의 쟁점인 통상임금 관련해서는 광주의 경우  년 상여금 등이 통상임금에  ,0
180,광주시  시내버스 파업대비 비상수송대책 마련,0,노조는 임금   인상   정년   세에서  세로  연장  등을 요구하고 있는 반면 사측은 지난해 수준 동결 입장이다  서울  인천  부산 등 타 시도의 쟁점인 통상임금 관련해서는 광주의 경우  년 상여금 등이 통상임금에  ,0
181, 비정규직 고용불안 해결해야 대선 후보 향한 노동자들의 요구,1,시민들은 새 정부에  만  세  정년 연장   인 미만 사업장 근로기준법 적용   상병수당 및 유급병가 도입  등을 우선 추진해야 할 과제로 꼽았다   주  일 또는  일제 도입  역시  의  ,0
182, 리포트   년 강원 평균 나이  살 정년 연장 이 해법 될까,1, 뉴스 김도균입니다 영상취재 최정현  강원도청년  정년연장   청년유출  초고령사회  평균연령 세 춘천  뉴스는  시간 여러분의 제보를 기다립니다    전화  ,0
183, 부산 버스 파업 협상 중  부울경  만 대 멈춰서나 요구사항은 ,0,노조는 기본급   인상과 현행  세인  정년 을  세로  연장 하는 것을 요구하고 있다  협상이 결렬될 경우  일 첫 차부터 총파업에 돌입하겠다고 예고했다   일 실시한 파업 찬반 투표에서는 전체 조합원  명 중  ,0
184,광주시  시내버스 파업 대비  비상수송대책  총력 시민 불편 우려 커져,0,이번 파업은 임금   인상 및  정년 연장 세 세 을 요구하는 노조 측과 임금 동결을 주장하는 사측의 입장차가 주요 쟁점이다  광주지역 운전원 연평균 급여는 대전 대구와 비슷한 수준이며  파업 기간 운전원  ,0
185, 이진우칼럼  피크코리아 대선  새로운  커브를 향해,1,구조개혁 없이 재정 확대에만 의존하는 단기 부양책  생산성은 쏙 빠진 노동시간 단축과  정년 연장  구체성이 결여된 규제 완화  재원 대책 없는 복지 확대 등은 한국 경제의 성장 잠재력을 더욱 약화시킬 뿐이다  국가  ,0
186,대구 경북 시내버스 정상 운행,0,시내버스 업계는 임금인상과  정년연장  문제를 두고 극명한 입장차를 보였다  노조는 평균 시급 만 원    인상   정년 연장 을 요구하고 있는 반면  사측은 임금동결   정년연장  불가 방침을 고수 중이어서다  또  ,0
187, 이로운체크 버스 총파업 전국 확산 초읽기 울산 부산 광주 강경  대 ,0,투입  지하철 증편  유연근무제 도입  자가용 이용 장려 등 총력 대응에 나서고 있다  그러나 통상임금과 임금체계 개편   정년 연장  등 복잡한 구조적 문제들이 얽혀 있어 노사 간 합의는 쉽지 않다는 관측이 우세하다 ,0
188,부산 시내버스 최종협상 시작 결렬 시 내일 총파업,1,노조는 임금   인상과  정년 연장  등을 요구하지만  사측은 경영상 이유로 받아들이지 않은 거로 알려졌습니다  부산시는 협상이 결렬돼 시내버스가 파업에 들어가면 전세버스  백 대를  개 임시 노선에 투입하고  ,0
189,부산 울산 창원도 버스 파업 초비상 비상 수송대책 마련,0,임금 인상과  정년연장  통상임금 적용 범위 등을 둘러싼 이견이 좁혀지지 않을 경우  버스는  일 첫차부터 운행을 멈춘다  특히 울산은 지하철이 없는 데다 대체 수단인 전세버스조차 확보하지 못한 상황이어서 파업이  ,0
190, 일 시내버스 파업 예고에 광주광역시  초긴장 대책회의 개최,0,노조는 임금   인상   정년   세에서  세로  연장  등을 요구하고 있는 반면 사측은 지난해 수준 동결 입장이다  서울  인천  부산 등 타 시도의 쟁점인 통상임금 관련해서는 광주의 경우  년 상여금 등이 통상임금에  ,0
191, 이로운체크 서울 버스  일 전면 파업 예고 시민  출퇴근 혼란  현실 ,0,노사 갈등 격화 사측  파업 불참자 복지 중단은 부당한 차별 쟁점은  통상임금 반영 과  정년 연장 노사 협상 평행선서울시  시민 불편 최소화 총력 지하철 셔틀버스 등 총동원 이로운넷   이수진 에디터 서울 시내버스  ,0
192,대구 시내버스 노조  일 파업 참여 보류  정상 운행될 듯,0,사측 관계자는  지난해 대법원의 전원합의체 판결로 인해 상여금이 통상임금으로 포함돼 먼저 임금체계 개편이 돼야 협상이 가능하다 며  정년 연장 은 검토 중 이라고 전했다  앞서 노사는 지난  일  차 임금  ,0
193,서울 시내버스 또 멈추나 오늘 막판 비공개 교섭,1,이와 함께 기본급   인상  만  세인  정년 의  세  연장  하계 유급휴가 신설  운전직 호봉 상한 상향 등을 요구하고 있다  반면 사측인 서울시버스운송사업조합은 정기 상여금을 기본급에 포함하는 등 임금체계 개편이  ,0
194,소득 불안정한 충청 고령화  시니어 고용 여건 개선해야,0,특히  세의 하락 폭이  로 두드러져  정년 연장 의 필요성이 강조된다  심각한 건 장년층에서 계속 근로하기를 희망하고 있음에도 생애 주된 일자리와 관련 없는 비정규직 비중이 늘고 있다는 데 있다  ,0
195,광주 시내버스   운행 보장   일 파업 대비  비상수송 대책  가동,0,한편  광주 시내버스 노조는 임금   인상과  정년 연장 세에서  세 을 요구 중이다  사측은 지난해 수준 동결을 고수하고 있다  파업 여부는 조합원 찬반투표와 지방노동위원회 조정 결과에 따라 최종 결정될 예정이다  ,0
196,광주광역시  시내버스 파업대비 비상수송대책 마련,0,노조는 임금   인상   정년   세에서  세로  연장  등을 요구하고 있는 반면 사측은 지난해 수준 동결 입장이다  서울  인천  부산 등 타 시도의 쟁점인 통상임금 관련해서는 광주의 경우  년 상여금 등이 통상임금에  ,0
197,고려대 동탄병원  진료부터 케어까지 망라 ,0,또한 고대안암과 구로  안산병원의 인력을 할당하고  정년 교수 영입과  정년 연장  제도를 활용할 계획도 시사했다  한편 고려대의료원은 고대안암  구로  안산병원을 비롯해 정릉과 청담에 연구갬퍼스를 보유하고  ,0
198,광주시  시내버스 파업대비  비상수송대책  마련,0,노조는 임금   인상   정년   세에서  세로  연장  등을 요구하고 있는 반면 사측은 지난해 수준 동결 입장이다  서울  인천  부산 등 타 시도의 쟁점인 통상임금 관련해서는 광주의 경우  년 상여금 등이 통상임금에  ,0
199,광주시  시내버스 파업 대비 비상수송 대책 마련 시민 불편 최소화 총 ,0,노조는 임금   인상   정년   세에서  세로  연장  등을 요구하고 있는 반면 사측은 지난해 수준 동결 입장이다  서울  인천  부산 등 타 시도의 쟁점인 통상임금 관련해서는 광주의 경우  년 상여금 등이 통상임금에  ,0
200,본교섭 들어간 포스코 임단협 올해 초점도  기본급 인상 ,1,이 자리서 노조는  임금 베이스업   인상  철강 경쟁력 강화 공헌금    자사주  주 지급  정년 연장   의료비 지원 제도 신설과 임금성 항목  가지  단체협약 갱신 항목  가지  단순 문구 변경  가지를 요구  ,0
201,광주 시내버스 멈추나 임차버스 투입  출 퇴근 유연근무,0, 일 조합원 찬반투표 결과와  일 노동쟁의  차 광주지방노동위원회 조정 결과에 따라 결정될 예정이다  노조는 임금   인상   정년   세에서  세로  연장  등을 요구하고 있는 반면 사측은 지난해 수준 동결 입장이다 ,0
202,대구시내버스 노조  파업 당분간 미참여 교섭 계속,1,노조 요구사항은  시급 평균  만 천 원 호봉 기준    인상  정년  만  세에서  세로  연장  등이다  노조 관계자는  남은 교섭을 거치고도 협상이 결렬될 경우 조정 신청과 파업도 검토할 예정 이라고 말했다  ,0
203,대구 시내버스 노조  전국 총파업 불참 임단협 교섭은 지속 진행,0,노조는 임금 평균  만 원    인상과 정년을 만  세에서  세로 연장하는 안을 요구하고 있고  사측은 임금 동결과  정년 연장 이 불가하다는 입장을 유지하고 있다  노조는 추가 교섭 진행 후 결렬 시 파업을 검토할  ,0
204,광주시  시내버스 파업대비 비상수송대책 마련,0,   일 조합원 찬반투표 결과와  일 노동쟁의  차 광주지방노동위원회 조정 결과에 따라 결정될 예정이다  노조는 임금   인상   정년   세에서  세로  연장  등을 요구하고 있는 반면 사측은 지난해 수준 동결 입장이다 ,0
205,서울 시내버스 노사 협상 막판 시동 결렬되면  일부터 파업,0,여기에 노조는 기본급   인상  그리고 현행 만  세인  정년 의  세  연장  하계 유급휴가 신설  운전직 호봉 상한 상향 등을 요구하고 있다  반면 사측인 서울시버스운송사업조합은 정기 상여금을 기본급에 포함하는 등  ,0
206,광주 시내버스 노조   일 파업 예고 시  대책회의,0,노조는 임금   인상   정년   세에서  세로  연장  등을 요구하고 있는 반면  사측은 지난해 수준 동결 입장이다  서울 인천 부산 등 타 시 도의 쟁점인 통상임금 관련해서는 광주의 경우  년 상여금 등이 통상임금에  ,0
207,대구시 공무직  정년 연장   임금 피크  논란 전국 첫 시도에 노사 갈등,0,전국 최초로 공무직 근로자  정년 연장 에 나선 대구시가 임금피크제 도입을 제안하면서 노조가 강하게 반발하고 있다   일 대구시 등에 따르면 시는 민주노총 공공연대노동조합 대구시공무직지부와 지난달  일과 지난  ,0
208,정경자 경기도의원 국회의원 사회복지사 처우개선 간담회서  대선후 남 ,1,이날 간담회에서는  사회복지사 경력   인정  인건비 가이드라인 준수  정년 연장   경력관리시스템 도입  처우개선비 인상 및 지급대상 확대 등 복지 현장의 목소리를 반영한 다양한 정책 과제가 제안되었다  이는  ,0
209,시내버스 노조 파업 예고 광주시  비상수송대책 마련,0,노조는 임금   인상   정년   세  연장  등을 요구하고 있는 반면 사측은 지난해 수준 동결 입장이다  광주 시내버스의 경우 통상임금이 쟁점인 타 시도와 다르게 상여금 등이 이미 통상임금에 반영돼 있어 노사 협상이  ,0
210,광주광역시  시내버스 파업대비 비상수송대책 마련,0,노조는 임금   인상   정년   세에서  세로  연장  등을 요구하고 있는 반면 사측은 지난해 수준 동결 입장이다  서울  인천  부산 등 타 시도의 쟁점인 통상임금 관련해서는 광주의 경우  년 상여금 등이 통상임금에  ,0
211,대구 공무직노조   정년 연장  빌미로 임금 삭감 강요 대구시청 규탄,0,노동자의  정년 연장 을 조건으로 임금 삭감을 강요하고 있다며 강력히 규탄했다  노조는 기자회견에서  대구시는 지난해  월 정년을  세에서  세까지 단계적으로  ,0
212,광주시  시내버스 파업대비 비상수송대책 마련,0,노조는 임금   인상   정년   세에서  세로  연장  등을 요구하고 있는 반면 사측은 지난해 수준 동결 입장이다  서울  인천  부산 등 타 시도의 쟁점인 통상임금 관련해서는 광주의 경우  년 상여금 등이 통상임금에  ,0
213,광주시  시내버스 파업 대비  비상수송대책  마련,0,노조는 임금   인상   정년   세에서  세로  연장  등을 요구하고 있는 반면 사측은 지난해 수준 동결 입장이다  서울 인천 부산 등 타 시도의 쟁점인 통상임금 관련해서는 광주의 경우  년 상여금 등이 통상임금에  ,0
214,광주시  시내버스 파업대비 비상수송대책 마련,0,노조는 임금   인상   정년   세에서  세로  연장  등을 요구하고 있는 반면 사측은 지난해 수준 동결 입장이다  서울  인천  부산 등 타 시도의 쟁점인 통상임금 관련해서는 광주의 경우  년 상여금 등이 통상임금에  ,0
215,대전 급식조리원  쟁의  길어질 듯 석식 멈춘 학교 어쩌나,0,한편  양측은 지난  일부터 당직실무원  정년   세  연장  조리원 배치기준  명으로 하향  조리공정 간소화 및 노동강도 완화  상시근무자 자율연수  일 보장  방학중 비근무자 상시직 전환  직종별 고유업무 외 업무지시  ,0
216,대구 경북 시내버스 노조 파업 안 한다 버스 정상운행,0,평균  만  원인 시급을   인상하고 만  세인  정년 을  세로의  연장 하라는 것  하지만 사측은 지난해  월 대법원에서 상여금을 통상임금으로 간주한다고 판단함에 따라 임금 자연 상승분이 생겼는데 이 문제부터  ,0
217, 관세 위기  중 임단협 앞둔 현대차 노사 년 무분규  위태하다,0,노조는 올해 임 단협에서 기본급 인상  성과급 지급 및  정년 연장  주  일제  통상임금 산입 등을 요구할 것으로 전해졌다  양측은  년부터 지난해까지  년간 파업 없는 무분규 타결 기록을 세워왔다  그러나 올해  ,0
218, 내일 버스 총파업  서울 부산 울산 막판 협상 진통 경기 대구  ,1,노조는 사측에  기본급   인상  정년 연장 세 세   퇴직금 확보  상여금 통상임금 편입  준공영제 협약 이행 등을 요구하고 있다  협상이 결렬되면  일 첫 차부터 버스 운행이 중단될 것으로 보인다  다만  ,0
219, 파업은 안됩니다 김두겸 울산시장  시내버스 파업 자제 호소,0,한편  울산시내버스 노사는 지난  월  일부터 임금협상을 진행했으나  지난해  월 대법원 판결에 따른 정기상여금의 통상임금 포함 방안과 노조 측의 임금  의 임금 인상과  정년 을  세로  연장  등의 요구안을 놓고  ,0
220,  대선  주  시간 예외 확대 규제 완화  김문수  기업 하기 좋 ,0,아울러 김 후보는 이 후보와 반대로 청년고용에 영향을 미칠 수 있다며 법정  정년 연장 에 반대한다  대신 대기업 신입 공채 도입 장려  청년 창업 지원 등 청년이 일하고 싶은 좋은 일자리를 만들겠다고 약속했다  당선 시  ,0
221,전국 시내버스노조 파업 초읽기  마지막 협상 진행 중,1,광주지역 버스노조는 임금   인상과  세까지  정년 연장 을 조건으로 이날 파업 찬반 투표를 실시한다  사측은 광주 시내버스 일일 수용 인원이  년  만명에서 지난해  만명까지 줄어 적자 폭 크다는 이유로 난색을  ,0
222, 국민의 시선   일 예고된 서울버스노조 파업  원인과 대책은 ,0,이 밖에도 노조는 암행감찰 폐지   정년 연장  동일노동 동일임금 실현 등을 주장했다  반면  사측인 서울시버스운송사업조합은 기존 임금체계가 상여금을 통상임금으로 보지 않는 구조였기 때문에 상여금을 반영하면 전체  ,0
223,대구 시내버스 노조  파업 미참여 당분간 버스 정상 운행 유지,0,반면 사측은 임금 동결과  정년 연장  불가 입장을 고수하고 있습니다  해당 교섭에는 대구 시내버스 업체  곳 중  곳이 참여하고 있어 파업할 경우 파급력이 클 것으로 전망됩니다  노동 당국에 따르면 파업은  ,0
224,창원 시내버스 총파업 앞두고 막판 협상 비상수송 총력전,0,이날 오후  시부터 경남지방노동위원회 주관으로 노사 간 제 차 특별조정 회의에서 마지막 조정 절차가 진행 중인 가운데 노조는 현재 임금   인상   정년   세에서  세로  연장  등을 제시한 것으로 전해졌다  특히  ,0
225,대구 시내버스 노조  파업 미참여 당분간 버스 정상운행 유지 종합 ,0,노사 교섭 진행 중 입장차 평행선  파업 가능성 잠재 노조  시급   인상 정년 연장 사측  수용 불가  경북도 시내버스 정상 운행 임단협 교섭 대부분 마무리   대구 연합뉴스  황수빈 기자   전국 시내버스 노조가  ,0
226, 대한민국 재도약  대학교육에 대한 관료적 통제 걷어내기부터  경제 ,1, 는 이외에도  분권형 대통령제  도입과  노사 합의에 따른 자율적  정년 연장 을 제안하는 등 여타 정책 분야에도 상세하고 구체적인 정책 대안을 담고 있다  가치에 따른  장의  절의 제목 자체가 개별 정책  ,0
227,창원시  시내버스 파업 대비 비상수송대책 총력 시민 불편 최소화,0,반면  노조는 대법원 판결에 따라 통상임금을 적용하고  기본급   인상  정년 연장 세 세  등을 요구하며 기존 입장을 고수하고 있다  통상임금과 기본급 인상이 모두 반영될 경우 올해 임금 상승률은 최대   ,0
228, 전국 최초  대구시 공무직  세  정년연장  없던 일로 ,1,시가  정년연장 을 하는 대신  년에  씩 임금을 삭감하는  임금피크제 를 도입하자는 제안을 내면서다  노조는  대구시가 약속을 뒤집은 것 이라며 성토하고 나섰다   일 공공연대노동조합 대구본부와  ,0
229,대구 공무직 노동자들  임금피크제 철회하고 약속한  정년 연장  실시하라 ,1,한 조합원은 이날 기자회견에서  임금을 삭감하면 매년  씩 일을 줄여줄 것이냐 면서  정년연장  해준다면서 임금은 확 깎아버리고 일을 그대로 다 시킬 것 아니냐 고 비판했다  한편 지난해  월 행정안전부가 공무직  ,0
230,연금으론 힘들어서 취업했는데   청소 경비 밖에 할 게 없어요   수 ,0,보고서에 따르면  정년  이전인  대 후반 임금근로자의 월평균 임금은  만 원이었다  반면 은퇴 이후  연령 기준 상향이 노인 삶의 질 저하나 빈곤 심화로 이어지지 않도록 고용 기간  연장  등과 더불어 소득  재산  ,0
231, 노동자 권익 보호   기업 규제 완화 정당 이념 따라 노동 공약 ,1,법정  정년연장    퇴직 후 재고용 한국은 고령 인구 증가세가 가파르고 연금 수급 크레바스 소득 단절기  노동 공급 감소에 따른 생산성 하락 우려도 크다  민주당과 민주노동당은 법정  정년 연장 이 필요하다고 했고  ,0
232,광주 시내버스 파업  일 밤샘 조정 돌입 가능성,0,노조는 임단협에서 핵심 요구안인 임금   인상과  정년   세  연장  등을 요구하고 있다  파업이 현실화할 경우 광주지역 시내버스  대의 운행이 중단되며  조합원 약  명이 참여할 것으로 보인다  한편 전남 지역  ,0
233,서울 버스   파업   오늘 막판 교섭 입장차 커 극적 타결 난망,0,여기에 노조는 기본급   인상  그리고 현행 만  세인  정년 의  세  연장  하계 유급휴가 신설  운전직 호봉 상한 상향 등을 요구하고 있다  반면 사측인 서울시버스운송사업조합은 정기 상여금을 기본급에 포함하는 등  ,0
234,대구버스노조  전국 총파업 참여 유보 월 일  차 교섭 예정,1,대구 버스노조는 전국과 비슷하게 임금   인상   정년   세에서  세로  연장 을 요구하고 있다  대구시는 준공영제로 운영하고 있어 이 부분은 제외된다  관내  개 버스회사 소속 조합원  여명이 참여하고 있다  ,0
235, 세 이상 취업자   만 육박  역대 최고치 기록,1,브라보마이라이프 손효정 기자    세 이상 취업자   증가   정년연장 재고용 제도 보완 필요  세 이상 일하는 노인이  만 명에 육박한 것으로 나타났다  이에 따라  정년 연장 과 재고용 제도에 대한  ,0
236,국민의힘  사회복지사 처우개선 간담회 개최   현장 목소리 정책에 반 ,1,간담회에서는 사회복지사 경력   인정  인건비 가이드라인 준수   정년 연장  경력관리시스템 도입  처우개선비 인상 및 대상 확대 등 다양한 제안이 논의됐다  참석자들은 이러한 과제가 법적 제도적 뒷받침 없이는  ,0
237,대구 시내버스 노조  파업 미참여 당분간 버스 정상운행 유지,0,노사 교섭 진행 중 입장차 평행선  파업 가능성 잠재 노조  시급   인상 정년 연장 사측  수용 불가  전국 시내버스 노조가 오는  일 동시다발적인 파업을 예고한 가운데 대구 시내버스는 정상 운행될 예정이다  ,0
238,광주 시내버스 올스톱 위기 임금 정년  놓고 파업 초읽기,0,광주지역버스노동조합 이하 노조 은 임금 인상과  정년 연장 을 요구하며  일  차 조정에 나설 예정이나  합의가 불발될 경우  일부터 총파업에 돌입하겠다는 방침이다  노조 측은 시내버스 기사들의 임금을   ,0
239,이혜원 경기도의원  김문수 후보 직능본부 사회복지사 처우개선 간담회 ,1,간담회에서는  사회복지사 경력   인정  인건비 가이드라인 준수  정년 연장   경력관리시스템 도입  처우개선비 인상 및 대상 확대 등 다양한 제안이 쏟아졌으며 이를 뒷받침할 법 제도적 필요성도 함께 논의됐다  ,0
240,시내버스 노사 오늘 최종 교섭 결렬 시 파업,1,버스 노조는 기본금   인상과  정년 연장  등을 요구하고 있으며 부산시와 사측은 재정 부담 등을 이유로 노조 요구를 받아들이기 어렵다는 입장입니다  조정 마감 시한은 오늘 자정이며 노조는 조정 결렬시 내일 일  ,0
241,이재명  배달앱 수수료 상한제    김문수  언급 없음    이준석  ,0,이와 관련해 이재명 후보는  정년 연장 을  김문수 후보는 연금 감액제도 폐지를  이준석 후보는 주택연금 확대를  권영국 후보는 기초연금 상향과 고령자 일자리 확대를 앞세우고 있다  이재명 후보는 현행  살 정년을  ,0
242,시내버스 파업   부산시 파업 대비 비상수송대책 마련,0,부산 시내버스   부산 버스노조는 통상임금에 정기상여금 포함  기본급   인상   정년 연장  등을 요구하고 있으나 사측은 재정 부담을 이유로 수용이 어렵다는 입장이다  노조는 이날  차 조정이 결렬될 경우  ,0
243,서울 시내버스 파업 초읽기     총력 대응 ,0,시내버스 노조 측은 공문을 통해 임금을   사이에서 조정   정년연장 신규 재 입사자 임금 차별 암행감찰로 인한 징계 등을 교섭 사항으로 명시했다  그러나 임금체계 개편을 둘러싼 이견이 여전해 합의 가능성은  ,0
244, 노란봉투법 당연     중대재해법 악법  고민 없이 노사 대변,1,이 후보는 노동계에서 주장하는 법적  정년연장 을  김 후보는 경영계가 원하는 중대재해처벌법 적용 완화를 공약했다  노사가 첨예하게 대립하는 민감한 쟁점들이다  전문가들은 두 후보 공약에  일자리 에 대한 실질적  ,0
245,창원 시내버스 파업   임금협상  평행선 ,0,반면  노조 측에서는 통상임금을 대법원의 판결에 따라 적용해야 한다는 당초 입장을 유지하는 한편 임금   인상   정년   세 세  연장  등 요구사항을 제시하며 서울시의 협상 경과를 지켜보고 있는 것으로 보인다  ,0
246,이혜원 경기도의원  김문수 후보 직능본부 사회복지사 처우개선 간담회 ,1,간담회에서는  사회복지사 경력   인정  인건비 가이드라인 준수  정년 연장   경력관리시스템 도입  처우개선비 인상 및 대상 확대 등 다양한 제안이 쏟아졌으며 이를 뒷받침할 법 제도적 필요성도 함께 논의됐다  ,0
247,대구버스노조  내일 총파업 동참 안한다,0,전국 버스노조는 기본급   인상   정년   세에서  세로  연장  정기상여금의 통상임금 반영 등을 요구하며 활동을 이어가고 있다  지난  일 자동차노련은  개 지역별 노조에서 진행 중인 임단협 교섭이 결렬될 경우 오는  ,0
248,울산 시내버스   일부터 운행 멈춰서나,0,한편 울산 버스노조는 회사 측에  기본급   인상  정년 연장 세 세   퇴직금 확보  상여금 통상임금 편입  준공영제 협약 이행 등을 요구하고 있다   ,0
249, 새 정부 국회  보편적 노동기본권 법제화해야 ,1, 대 대선서  와 일자리 등 노동변화 담아야  일자리에서는 문 정부는 공공부문 일자리 확대  윤 정부는 민간중심 일자리 창출  이번 대선에서는  정년연장  청년일자리가 주요하게 나온다  산업안전 분야에서 문  ,0
250,민주노동당 인천선대위  금속노조 인천지부 현대 지회와 노동정책 협 ,1,주요 협약 내용은  노조법  조 개정  노동 시간 단축  정년 연장   고용 안정 등으로 노동 존중 실현과 차별 없는 일터  구조조정 저지를 위해 적극 협력하기로 했다  민주노동당은 우선 원청의 실질적 사용자 책임과  ,0
251,이준석  이재명은 꼰대  맹공 위 지지율 빼앗기,0, 지지층이  트럼프 대통령한테 문자폭탄 보내길 기대하고 이런 식으로 외교를 풀어나갈 수는 없는 것 아니겠습니까  또  이재명 후보의  정년연장  공약 등을 비판하며  청년층을 우습게 보고 있다 고 날을 세웠습니다  ,0
252,홍준표 책사 이병태  왜 이재명 지지  노동개혁  진보 정부만 가능 ,0, 해고 어려워 대기업이 고용 회피   세로  정년연장   정부 실책  홍준표 전 대구시장의  책사 로 알려진 이병태 전 카이스트 교수가 더불어민주당 주최 행사에서 이재명 대선 후보를 지지하는 이유가  노동 및  ,0
253, 국제칼럼  미래 비전이 안 보이는 대선,0,주요 경제 정책을 보면 이재명 더불어민주당 후보는 임금 삭감 없는 주  일 근무제 도입  법적  정년 연장 을 내세웠다  김문수 국민의힘 후보는 법인세 상속세 감세로 기업하기 좋은 환경을 조성해 일자리를  ,0
254,  뜨니  공약만 쏟아낸 정치권  인재 양성 처방은 실종,0,과학기술인 처우 개선을 위해서는 정부출연 연구기관 연구자  정년   세  연장    직군 연봉 상향  학생연구자 처우 개선 등을 공약에 담았다  이준석 개혁신당 후보는 과학기술인을 제대로 대우해 인재 유출을 막자는  ,0
255,양평 여주 국민의힘  사회복지사 처우개선 약속 처우개선 간담회 개최,1, 사회복지사 경력   인정   인건비 가이드라인 준수   정년 연장   경력관리시스템 도입  등의 방안이 논의됐다  또 처우개선비 인상 및 대상 확대 등 다양한 제안이 쏟아졌다  의원들은 이를 뒷받침할 법 제도를  ,0
256,대전 학교 당직실무원  정년  놓고 노사 이견  노조  세까지 늘려야 ,0,학교 당직실무원  정년 연장 을 놓고 대전교육청과 노조가 의견차를 좁히지 못하고 있다  노조는 직종 특성을 고려해 현재 만  세인 정년을  세로 연장할 것을 요구하는 반면 교육청은 수용할 수 없다는 입장을  ,0
257, 복지의 시작은 현장이다 국민의힘  사회복지사 처우개선 간담회 개최,1,이혜원 경기도의원의 사회로 진행된 이번 간담회에서는  사회복지사 경력   인정   인건비 가이드라인 준수   정년 연장   경력관리시스템 도입   처우개선비 인상 및 대상 확대 등 현장의 절실한 요구가 쏟아졌다  ,0
258,창원시내버스 노사  일 최종 조정 결렬되면 뒷날 파업 돌입,0,반면  노측에서는 통상임금을 대법원의 판결에 따라 적용해야 한다는 당초 입장을 유지하는 한편 임금   인상   정년   세 세  연장  등 요구사항을 제시하고 있다  통상임금 문제로 인건비 급증이 예상되는 와중에  ,0
259,창원 시내버스  일 파업 위기 통상임금 인식 차 협상 난항,0,반면  노조는 대법원 판결에 따라 통상임금을 적용하고  기본급   인상  정년 연장 세 세  등을 요구하며 기존 입장을 고수하고 있다  통상임금과 기본급 인상이 모두 반영될 경우 올해 임금 상승률은 최대   ,0
260,국민의힘  노조 불법행위 규제 노동 권 남용 방지 ,1,법정  정년 연장  대신 고령자 고용연장 추진에 나서겠다는 뜻도 밝혔다  정년에 이른 근로자의 기존 근로계약을 종료하고 임금을 조정해 재고용하는 계속고용 제도를 확립하겠다는 것이다  계속고용 시 임금을 일정 폭보다  ,0
261,창원 시내버스 노사 임금협상  평행선 일부터 파업 가능성,0,노조는 지난해  월 대법원 판결에 따른 정기 상여금의 통상임금 반영  임금   인상   정년   세 세  연장  등을 요구하는 것으로 알려졌습니다  사측에서는 통상임금 문제로 인건비 급증이 예상되는 와중에 노조에서  ,0
262,창원 시내버스 임금협상 평행선 파업 현실화 우려,0,노조는 통상임금을 대법원의 판결에 따라 적용해야 한다는 당초 입장을 유지하고 있으며 이와 함께  임금   인상  정년   세로  연장  등 요구사항을 제시했다  반면 사측은 통상임금 문제로 인건비 급증이 예상되는  ,0
263, 정년연장  대선공약 후폭풍  세대   갈등 까지,1,  노조 연합  새로고침   정년연장  법제화 보류 요구에  개 기업 노조는 반발 탈퇴 프리랜서 미취업청년도 불만  제도권 진입 어려워져 반대  제 대 대통령선거에서  정년 연장 과 주  일제 등 노동 공약이  뜨거운 감자 로  ,0
264,파업   창원 시내버스 노사 임금협상  평행선 ,0,반면  노측에서는 통상임금을 대법원의 판결에 따라 적용해야 한다는 당초 입장을 유지하는 한편  임금   인상  정년   세 세  연장  등 요구사항을 제시하며 서울시의 협상 경과를 지켜보고 있는 것으로 보인다  ,0
265,창원시  시내버스 노사 임금협상 난항,0,반면  노측에서는 통상임금을 대법원의 판결에 따라 적용해야 한다는 당초 입장을 유지하는 한편  임금   인상  정년   세 세  연장  등 요구사항을 제시하며 서울시의 협상 경과를 지켜보고 있는 것으로 보인다  ,0
266, 일 서울 부산 경기 울산 창원 제주 시내버스 멈추나,0,노조는  임금   구간 내 협상 사실상 동결도 가능하다는 의미 포함   정년 연장   촉탁직 임금 차별 철폐  암행 감찰 폐지 등을 요구하고 있다  교섭 재개 여부는 여전히 불투명하다  서울시와 버스사업자조합은  ,0
267,새 정부는 어떤 노동과제를 추진해야 할까 ,1,넷째 주요한 노동과제의 동의는  만  세  정년 연장   인 미만 사업장 근로기준법 적용   상병수당 및 유급병가 도입   주  일 또는  일제 도입  등으로 나타났다  고용노동 전문가  ,0
268,창원 시내버스 노사 임금협상 평행선 일부터 파업 우려 고조,0,노조는 지난해  월 대법원 판결에 따른 정기 상여금의 통상임금 반영  임금   인상   정년   세 세  연장  등을 요구하는 것으로 알려졌다  사측에서는 통상임금 문제로 인건비 급증이 예상되는 와중에 노조에서  ,0
269,창원 시내버스 노사 임금협상  난항 파업 초읽기,0,반면 노측에서는 통상임금을 대법원의 판결에 따라 적용해야 한다는 입장을 유지하는 한편  임금   인상  정년   세 세  연장  등을 요구하며 서울시의 협상 상황을 지켜보고 있다  통상임금 관련 서울시내버스  ,0
270,창원 시내버스 노조  일 첫 차부터 파업 우려,0,반면 노조는 통상임금을 대법원의 판결에 따라 적용해야 한다는 당초 입장을 유지하하면서  임금   인상  정년   세 세  연장  등 요구사항을 제시하고 있다  통상임금 관련 서울시내버스 노사의 쟁점사항을  ,0
271,창원 시내버스 파업  노사 협상  평행선 ,0,반면 노조는 통상임금을 대법원 판결에 따라 적용해야 한다는 입장을 고수하고 있으며   기본급   인상  정년   세에서  세  연장  등을 요구하고 있다  노조는 전 조합원의 동의 없이는 어떠한 협상도 타결될 수  ,0
272,창원 시내버스 파업   임금협상  평행선  시민 불편 우려,0,반면 노측은 대법원 판례에 따른 통상임금 적용을 고수하며 임금   인상과  정년 연장 세 세  등을 요구 중이다  특히 서울시 사례를 기준으로 창원시에 동일하게 통상임금이 적용될 경우 임금 상승률은 최대   ,0
273,  초고령사회의  실버민주주의 대선 앞둔 한국의 사정은 ,1,우선 생산가능인구 감소를 완화하기 위해  정년 연장   재고용 의무화  고령층 재교육 프로그램 확대  여성 및 외국인 인력의 적극적 노동시장 참여 추진 등을 시행했다  특히  고연령자 고용안정법 개정안  ,0
274,홈플러스 노동자 입점주 구조조정 공포,0,노동조합은  회사측은  정년 퇴직이나 자연퇴사로 흡수 가능하다고 설명하지만 구조조정을 전제로 한 간접  계약 연장  대상 입점 업주의 경우 수수료 인상 통보도 받아 이중고를 겪고 있다  장세풍 ,0
275, 바로이뉴스   정년연장  위해 연금 수급 연령 늦추는 것도 방법 이준 ,0,이준석 개혁신당 대선 후보가 한국방송기자클럽  초청 토론회에 참석해 연금개혁 관련 질문에 답변했습니다 ,0
276, 관세 리스크  벅찬데 자동차 업계  강성노조 리스크  확산 ,0,그러나 업계에서는 현대차 노조가 기본급과 성과급 확대는 물론  지난해 임단협 합의안에 포함되지 못한  정년 연장 에 국내 투자 확대 등을 추가로 요구할 가능성이 크다고 보고 있다  현대차 및 기아가 지난해 사상  ,0
277, 버스기사 부러우면 공무원 그만둬라 서울버스노조 성명,0,수준 이라며  정년 이 넘어가면 그보다 훨씬 적은 임금을 받고 최저임금 수준으로 임금을 받는다 고 반박했다  이어  사업주들이 부풀려 발표한 연봉  만원은 우리가 남들과 같은 삶을 포기하고  연장  근로일을 추가해야  ,0
278,근로시간 유연화 등   현안 공유,1,중소기업계가 근로시간 유연화  최저임금   정년연장  등 중소기업 소상공인 업계가 지대한 관심을 보이는 이슈 사안에 발 빠르게 대응하기 위해 각계 전문가들의 의견을 모았다  중소기업중앙회는 지난  일 서울 여의도  ,0
279,서울 버스 노조  사측에 임단협 교섭 재개 요청 사측  일방적 발표 ,0,그러면서 노조는  단체협약과 관련해  정년 연장  신규 재 입사자 임금 차별  암행 감찰로 인한 징계 등도 논의하자 고 했다  이에 대해 사측은  노조가 언론 등에 밝힌 교섭 일정은 실무책임자급 협의 중에도 전혀  ,0
280, 평생 세금 냈는데 또 일하라고   정년   세  연장 하자 난리난  이 나라 ,1,이후 출생자들의 경우 점진적으로 연금 수령 연령이 올라간다  프랑스에서는 에마뉘엘 마크롱 정부가 은퇴연령을  세에서  세로 높이자 전국 곳곳에서 대규모 항의시위가 발생한 바 있다   덴마크  연금  정년   은퇴연령,0
281, 임금인상 부러워  공무원 관두고 버스기사 할래  서울버스노조 발끈,0,현재 노조는 지난해  월 대법원 판결에 따른 정기 상여금 격월 지급 의 통상임금 반영  기본급   인상   정년 연장 세  등을 요구하고 있다  서울시는 무리한 요구라는 입장이다  시는 지난  일 브리핑에서 노조의  ,0
282,저출산 고령화 해결사로 나선 부영그룹 누적 기부금  조  억,0,특히 노인 문제를  먼 산의 눈덩이 에 비유하며  지금 시작해도 늦다 고 시급성을 강조한 이 회장은 해결책으로 노인 연령 기준  세 상향 및  정년 연장 을 제안해 큰 화제를 모았다  이 회장의 이 같은 제안은 소위  젊은  ,0
283,서울버스노조  우리 임금인상 부러워  공무원 그만두고 기사 할래 ,0,수준 이라며  정년 이 넘어가면 그보다 훨씬 적은 임금을 받고 최저임금 수준으로 임금을 받는다 고 밝혔다  이어  사업주들이 부풀려 발표한 연봉  만원은 우리가 남들과 같은 삶을 포기하고  연장  근로일을 추가해야  ,0
284,국민이 원하는 노동과제  민주당  적극적  국민의힘  소극적 ,1, 편집자주  와 한국노총이 시민  천 명에게 새 정부가 추진해야 할 노동과제를 물어본 결과  절반이 넘는 응답자가 만  세로의  정년연장 과  명 미만 사업장 근로기준법 적용  상병수당 및 유급병가 도입이 필요하다고  ,0
285, 배규식 전 한국노동연구원장   격차해소 연대 위한 초기업교섭  임금 ,1,이번 대선에서는 노사합의를 바탕으로 한 주  일 근무제 도입과  정년연장  단계적 추진  동일가치노동 동일임금  임금분포공시제  포괄임금제 폐지  일하는 사람 기본법 제정  노란봉투법 입법  지방공무원 특별사법경찰권  ,0
286, 국민이 선택했다  새 정부 최우선 노동과제는  만  세  정년연장 ,0,우리 국민이 선택한 새 정부가 반드시 추진해야 할 노동과제로 만  세  정년연장   명 미만 사업장 근로기준법 적용  상병수당 유급병가 도입인 것으로 나타났다   매일노동뉴스 와 한국노총이 여론조사 전문기관  ,0
287,  대선   제약바이오 글로벌 강국  한목소리,0,김문수 후보는 과학기술 공약을 발표하며  정부출연연구기관 연구자  정년   세 회복  연구개발 직군 연봉  존속기간  연장   퇴직연금의 벤처투자 허용 등을 약속했다   대 공약 중  호 공약인  세계를 선도하는 경제  ,0
288, 사람이 리스크 주  일제 중처법 강화되면 중소기업 경영시계 제 ,0,이 후보가 제시한 법적  정년연장  공약에 대해서도 우려의 목소리가 크다  한 중소기업 관계자는  이미 연공서열 중심의 임금 구조에서는 고령자 유지가 비용 상승으로 이어진다 며  청년 인력을 채용하고 싶어도  ,0
289,현대자동차 노사 임단협 내달 중순께 시작 전망,1,노동계에서는 현대차 노사가 올해 임금 인상 규모는 물론  정년 연장  주  일제 등을 놓고 줄다리기할 것으로 예상한다  특히 전기차 생산라인이 올해 들어서만 세 번째 중단되면서 노사 갈등의 불씨가 지펴질 우려가  ,0
290,민주당 추진  재판소원 재판 확정 더 늦어져 국민 피해 우려 ,0,박범계 민주당 의원은 지난  일 헌법연구관  정년 을  세에서  세로  연장 하는 방안을 내놨다  민주당이 지난  일 법원 판결의 위헌 여부를 헌법재판소가 판단할 수 있도록 재판소원을 도입하는 법안을 국회  ,0
291,광주 시내버스  차 조정 결렬 총파업  초읽기 ,0,앞서 노조는 올해 임단협에서 임금   인상과  정년   세  연장  등을 요구했으나  사측과 이견을 좁히지 못하고 지난  일 교섭 결렬을 선언했다  노조 관계자는  사측 대표들이 조정 자리에 나오지 않는 것은 협상  ,0
292, 은퇴 나이 늘렸더니 난리났네 이 나라 정부  세로 올리자 노동계 ,1, 세  정년 은  년생부터 적용된다  덴마크는 공식 은퇴 연령을 기대수명에 연동하는 방안을  년에  노동계의 격렬한 저항에 메테 프레데릭센 덴마크 총리는 기대수명과 은퇴 연령을 연동해 자동  연장 하는 현  ,0
293,덴마크 의회   은퇴 연령  세  법안 압도적 통과,1,실제로 최근 덴마크 수도 코펜하겐에서는  정년 연장 을 반대하는 시위가 벌어졌다  예스페르 에트루프 라스무센 덴마크 노동조합연합 의장은  정년 연장 에  완전히 불공평하다 며  은퇴 연령이 높아진다는 것은  ,0
294, 사설    대선후보 공약집 더 꼼꼼히 살피자,0, 정년 연장  각종 수당 지급  현금 살포 공약들도 확대되고 있다  정책도 이와 다르지 않다  국가균형발전과 거리가 먼 표심 호소성 사탕발림 정책도 난무하고 있다  게다가 상대 후보를 겨냥한 네거티브 정쟁도 심화하고  ,0
295,덴마크  연금개시  세로 늦춰,0, 세  정년 은  년생부터 적용된다  덴마크는 공식 은퇴 연령을 기대수명에 연동하는 방안을  년에  노동계의 격렬한 저항에 메테 프레데릭센 덴마크 총리는 기대수명과 은퇴 연령을 연동해 자동  연장 하는 현  ,0
296,막 오른 포스코 임단협  성과 화합 두 마리 토끼 잡을까,0,노조의  년 교섭 요구안 주요 내용은  기본급 인상  철강경쟁력 강화 공헌금    자사주  주 지급  정년 연장   의료비 지원 제도 신설 등 일시금 항목  가지와 임금성 항목  가지  단체협약 갱신 항목  가지  ,0
297, 주  일제 정년연장  공약 엇갈린 반응,0,사진   더불어민주당   조기 대선 국면에서  주  일제 정년연장  관련 공약이 발표되자 엇갈린 반응이 나오고 있다  지역 노동계는 환영하는 반면  지역 중소기업계는 부작용을 우려한다  임금 삭감 합의도 쉽지 않을  ,0
298, 년생부터는  정년   세 연금 수령 시기 늦춘 이 나라,1,이번 조치로 덴마크는 유럽에서  정년  연령이 가장 높은 국가가 됐다  이웃국가인 스웨덴에서는  세부터  메테 프레데릭센 덴마크 총리는  더 이상 은퇴 연령이 자동으로  연장 돼야 한다고 생각하지 않는다 며  ,0
299, 오늘의 그래픽 일하는 노인  만명 세까지 출근 희망 ,0,고령 취업자들이 원하는 근로희망연령도 갈수록 높아지고 있어  퇴직 후 재고용이나  정년 연장 에 대한 논의를 본격적으로 추진해야 한다는 목소리가 나오고 있다 ,0
300,호황이 후폭풍으로 현대 한화오션 임단협 전망  흐림 ,1,사측은 불과  년 전만 해도 조선업이 불황이었던 만큼  그동안 노조의  정년연장  요구를 거부할 명분이 충분했지만 올해는 투자 확대 외 내세울 이유가 없다  심지어 유력 대선주자인 이재명 더불어민주당 후보도  ,0
301,근로자 정부   기업 시장  달랐던  청년고용 해법도 이견 분야 ,1,예를 들어 이 후보가 약속한 법정  정년 연장 은 대기업 공공 부문만 혜택을 받고 청년 일자리 부족을 심각하게 만들 수 있다는 비판이 따라붙는다   정년 연장 이 되면 기업마다 고령자 고용 비용이 늘어나면서 청년 채용  ,0
302, 년생은  세까지 일해라 정년 연장 에 난리난 이 나라,1,최근 몇주 수도 코펜하겐에서는  정년 연장 에 반대하는 노동조합의 시위가 벌어졌다  노조는  연금 수령 연령을 늘리는 것은  완전 불공평하다 고 주장했다  이어  덴마크는 건강한 경제를 갖고 있지만  ,0
303, 언제까지 일만 하란 말이냐 정년   세  연장 에 노동자 화났다,0,덴마크 의회가 은퇴 연령을 유럽 국가 중 최고인  세로  연장 하는 법안을 통과시키면서 노동계에서  도대체 언제까지 일을 하란 말이냐 며 반발이 터져나오고 있다고 영국  방송이  일 현지시간  보도했다  덴마크는  ,0
304, 대선 공약 비교    후보별 대선후보 저출산 고령화 대책  전문가  신 ,0,노후 소득 보장체계 구축을 위해서는 국민연금 수급 연령에 맞춰  정년 연장 을 단계적으로 추진하고 주택연금 제도를 개선해 노후 소득을 보장하겠다고 밝혔다  김 후보 역시 노인 돌봄 체계 구축을 강조했다  사회 서비스형  ,0
305,서울 시내버스 파업 여부 이번주 결론  극적 타결  촉각 ,0,이 밖에도  운전직 호봉 상한 상향 호봉 호봉   정년  만  세  연장 현행 만  세   하계 유급휴가  일 신설  고용안정협약 체결 등이 노조 측 요구안이다  양측은 조건부 임금동결안 등을 포함해  종류의 협상  ,0
306, 정책포커스  노인의 사회적 고립  고독과 미충족 돌봄 대응책 마련해야,1,정부는  노인연령 단계적 조정 세 과  정년 연장  논의를 준비하고 있으며 사회적 의견 수렴을 위해 전문가 간담회 등을 추진해나갈 예정이다 라고 밝혔다  노인 우울증  치매 자살 돌봄 체계와 연계해  ,0
307,지역 내 연이어 이재명 후보 지지 선언,0, 일제 도입  비전형 노동자 권리 보호  포괄임금제 폐지  법적  정년연장  등 정책을 공약으로 제시했다 고 밝혔다  한편 지역 내 단체들의 지지선언 이외에도 정책간담회를 통해 협약식도 이어지고 있다  어기구 의원은  ,0
308, 대선 중간점검  경제엔 한목소리  노동 에너지 권력개편은 제각각,0,이외 이재명 후보의 노동분야 기타 주요 공약으로는  포괄임금제 금지 명문화  정년   세까지 단계적  연장   근로감독관 증원 및 지방공무원에 특사경 권한 부여  중대재해처벌법 유지 등이 있다  반면 김문수 후보는  ,0
309, 를 위한 국가경영  대 공약 보고서  이근면의 시사라떼 ,1, 정년연장  및 노동개혁 노동 인구 감소 시대에 생산가능 인구를 활용하지 못하면 국가경쟁력은 붕괴된다  정년  세로 단계적 재고용  성과 중심 임금 체계 도입  산업별 직무별 유연근무제를 확대 하여 고령층 빈곤 해소  ,0
310, 사설  한국노총과 갑자기  정년   세  합의했다는 민주당,0,핵심은  연내  세  정년 연장  입법 추진 이다  아무리 선거판이 달아올라도 경제 산업계에 엄청난 파장을 몰고 올 방안을 이렇게 느닷없이 합의해도 되는지 납득이 안 된다  이번 협약은  국민연금 수급 연령과  ,0
311,종교인들 만난    통합이 우선  갈등 위기 극복할 것 ,1,김 후보가 이날 내놓은 고령층 공약 핵심은 기업들이  정년 을  연장 하거나  정년 을 넘긴 직원을 재고용하는 방식으로 고용을 이어가도록 정부가 유도하는 내용이다  김 후보는 또  중장년 고용 정책 기본법 을  ,0
312, 대선   차  토론  기초연금 올려야   재정 한계 복지 연금  ,0,권 후보는  세 이상은 신규 취업 시 고용보험 적용이 안 된다 며  국가인권위에서도 연장 적용을 권고한 바 있다 고 지적했고  이 후보는  정년 연장  연금 개시 연령 등 복합적 문제와 얽혀 있어 신중한 접근이 필요하다  ,0
313, 년 만의 총파업 대란 오나  광주 시내버스  차 조정 결렬,1,노조는 최저생계비에 준하는 월급  인상과  세까지  정년 연장 을 요구하고 있다  노조는 조합원 찬반 투표를 마친 뒤 오는  일  차 중재에서도 노사 간 이견을 좁히지 못할 경우 이튿날부터 파업에 돌입한다  파업이  ,0
314,민주당 한노총  연내  정년   세  입법 합의,0,이재명 민주당 대선 후보는 지난  일  정년 연장 에 대해  충분한 사회적 대화가 필요하다 고 했지만 당은 속도전을 예고한 것이다   일 정치권에 따르면 민주당 노동존중선거대책위원회는  일 국회에서 한국노총과 노동  ,0
315,광주 시내버스 노사 임단협 불발  일 파업,0,노조는 올해 임단협에서 임금   인상과  세로  정년 연장  등을 요구하고 있지만 사측과 합의점을 찾지 못한 것으로 알려졌다  오는  일  차 조정 회의에서도 임단협이 타결되지 않으면 다음날 노조는 합법적으로  ,0
316,광주 시내버스 노사 임단협  차 조정 결렬,0,노조는 올해 임단협에서 임금   인상과  정년   세  연장  등을 요구하고 있으나 사측과의 입장 차를 좁히지 못한 것으로 알려졌다  오는  일 예정된  차 조정 회의에서도 타결이 이뤄지지 않을 경우  노조는 다음날인  ,0
317,민주  택배노조와  노란봉투법 재추진  협약,0,노란봉투법은  법정  정년 연장 과 함께 노사 입장이 첨예하게 대립하는 대표적 사안이다  경영계는 노란봉투법 처리가 현실화할 경우 사용자 범위를 확대해 원하청 산업생태계를 붕괴시킬 것이라고 보고 있다  불법  ,0
318,광주 시내버스 노사 임단협  차 조정 결렬 일 파업 수순,0,노조는 올해 임단협에서 임금   인상과  세로  정년 연장  등을 요구하고 있지만 사측과 합의점을 찾지 못한 것으로 알려졌다  오는  일  차 조정 회의에서도 임단협이 타결되지 않으면 다음날 노조는 합법적으로  ,0
319, 뉴스픽   주 일 어떻게 할거냐  여야  대선 공약  비교 분석,0,이 후보는  청년미래적금 과 자녀 수에 비례한 신용카드 소득공제율 공제한도 상향  치매 장애 등으로 재산 관리가 어려운 노인을 대상으로 한 공공신탁제  국민연금 수급 연령에 맞춘  정년 연장  등을 공약으로  ,0
320,광주 시내버스 노사 임단협  차 조정 결렬 일 파업 예고,0,조정 결과에 따라 대규모 버스 운행 차질이 발생할 수 있다  노조는 올해 임단협에서 임금   인상과  정년   세  연장  등을 요구했으나  사측과 이견을 좁히지 못해 지난  일 협상 결렬을 선언했다 ,0
321,덴마크   년  정년   세  연장  의회 통과   은퇴 나이    최고,1,실제 지난 몇주간 수도 코펜하겐에서는  정년 연장 에 반대하는 노동조합의 시위가 벌어졌다  노조 측은  연금수령 나이를 늘리는 것은  완전히 불공평하다 고 주장했다  이어  덴마크는 건강한 경제를 갖고 있지만  ,0
322,한종사협  더불어민주당 중앙선대위와 복지정책협약 체결,1,주요 정책 과제는 사회복지서비스 대응체계 확립  복지서비스 확대를 위한 제도 개선 및 인프라 활성화  복지 관련 법 제도 정비  저출산 초고령사회 대응을 위한 사회복지종사자  정년 연장  단계적 추진  선진국 수준의  ,0
323,덴마크   년  정년   세 세  연장  의회 통과 유럽 최고,1,지난 몇 주 동안 수도 코펜하겐에서는  정년 연장 에 반대하는 노동조합의 시위가 벌어졌다  노조는  연금 수령 연령을 늘리는 것은  완전 불공평하다 고 주장했다  이어  덴마크는 건강한 경제를 갖고 있지만  ,0
324, 논단 재앙 될지 모를 대선후보   토론,0, 정년 연장 도 하고 젊은 세대 일자리도 늘어난다고 답할 거면 무슨 토론을 하자는 건지   호텔 예약을 취소해도 돈이 돌면 경제가 산다는 식의 괴짜 경제학   이런 식으로 외교에 대해 하루 자고 일어나면 답변이 바뀌는  ,0
325,연금강화국민행동  이재명 비전 불분명  김문수 청년 편향적 ,1,이 후보는 국민연금 사각지대 해소 및 연금개혁 지속 추진  군복무 크레딧 확대  수급 연령에 맞춘  정년 연장  기초연금 부부감액 단계적 조정  주택연금 제도 개선 등의 공약을 냈다  이들은  이재명 후보는 공적연금에  ,0
326, 정년연장  대선공약  경사노위 계속고용안   정년 이중구조  불러올  ,1, 정년연장 에 대한 노사의 자율적 합의가 없거나 합의에 이르지 못한 경우 사업주의 재량으로 새로운 근로계약을 체결하고 고용형태를 달리해 계속고용을 의무화하는 내용이다  계속고용의무제의 세부유형을  ,0
327, 시민의 발  서울 대중교통 진퇴양난 버스 노사 서울시 줄다리기,0,이 밖에도  운전직 호봉 상한 상향 호봉 호봉   정년  만  세  연장 현행 만  세   하계 유급휴가  일 신설  고용안정협약 체결 등이 노조 측 요구안이다  반면 조합 측은 준공영제를 시행 중인  개 광역시의 지난해  ,0
328, 대 대선후보에 바란다 최태원  이재명 김문수 만나 경제계 목소리 ,0,손경식 경총 회장은  일률적  정년 연장 보다 퇴직 후 재고용 등 유연한 방식으로 고령자 일자리 문제를 해결해야 한다 며  일자리 형태가 다양해지고 근로자의 니즈도 변했음에도 근로 시간 제도가  여년 전의 틀에 머물러  ,0
329, 시시비비 별의 순간 보다  반딧불의 순간 ,0,청년들은 국민연금도 불만이고  정년 연장 에도 불안해한다  유권자가 상대적으로 많은 중장년층을 겨냥한 정치적 구호와 정쟁만 난무하고 있다  지금 청년들은 경제 위기 속에 구조적 약자로 전락하고 있다  안정적인  ,0
330,초고령사회  정년연장  어떻게 해야 할까 ,1,  국회토론  일 오후  시부터 서울 여의도 국회의원회관 제 세미나실에서  초고령사회  노후소득 공백 해결을 위한  정년연장  토론회가 열렸다    한국노총 지난  일 경사노위  인구구조 변화 대응 계속고용위원회 가  ,0
331,폴리뉴스 모닝브리핑  월  일 금요일,0,이재명  기본사회 공약   차토론앞  주 일제 정년연장  약속     김문수  년중임제 의원 감축   장기투자자 세제혜택  ,0
332, 기자수첩 이재명 공약에 숫자가 안보이는 이유,0, 정년 연장 과 대통령 집무실의 세종 이전 등도 이슈는 먼저 띄웠지만  사회적 합의로 추진하겠다 며 조심스럽게 접근했다  논쟁적인 사안은 국론 분열을 우려해 차근차근 절차를 밟아나가겠다는 의중으로 읽히지만 대선을  ,0
333,대전교육청 학비노조  직종교섭 재개 급식 갈등 해결 주목,1,최근 두 달 가까이 진행된 조리원의쟁의행위는 노조와의 직종교섭이 결렬돼발생한 것으로  교섭 요구안에는당직실무원  정년   살  연장  조리원 배치 기준  명 하향  조리공정 간소화와 노동강도 완화 등이 포함돼  ,0
334, 오늘의 이슈체크   월 일 조간 사설 팩트 논조 분석,0, 정년연장 을 사회적 합의로 추진하겠다   여덟째  누구나 편리하게 이동하고  자유롭게 연결되는 사회를 만들겠다   지역 실정에 따른 맞춤형 교통 서비스를 확대하겠다   대도시와 광역권에서는 청년 국민패스 등을  ,0
335, 대구 경북 조간 헤드라인 ,1, 경북도민일보   구미 육상경기대회  세계 최고 육상 별들 온다  경북신문    국회의원 감축 기득권 퇴출 임기단축 불소추특권 폐지   기본소득대신  기본사회  주  일제도입 정년연장   경북일보   이재명  ,0
336, 사설  대선 후보들 구체적 비전 갖고 치열하게 토론 임해야,0,더불어민주당 이재명 후보는 대선을 불과 십여 일 앞두고 주  일제   정년 연장  등  기본사회 실현  공약을 발표했다  하지만 실행 방안과 예산 계획은 여전히 불투명하다  국민의힘 김문수 후보도 임기 단축형 개헌과  ,0
337,경사노위  정년 연장 안   이중구조  한계 지적 전문가 토론회서 공론화,0,정흥준 서울과학기술대 경영학과 교수는  일 서울 여의도 국회의원회관에서  초고령사회  노후소득 공백 해결을 위한  정년연장  어떻게 할 것인가 를 주제로 개최된 토론회에서 이 같은 내용의 발제를 했다  이번 달 초  ,0
338, 국가폭력 공소시효 배제 기본사회  공약,1, 주  일제 의 단계적 도입  사회적 합의를 통한  정년 연장  추진도 거듭 약속했습니다  이 후보는 자신에 대해  분배주의자냐  성장주의자냐  일도양단으로 분류하지 말아 달라면서도  지속 성장을 해야만 기본적 인권도  ,0
339,대전교육청 학비노조  직종교섭 재개 급식 갈등 해결 주목,1,최근 두 달 가까이 진행된 조리원의쟁의행위는 노조와의 직종교섭이 결렬돼발생한 것으로  교섭 요구안에는당직실무원  정년   살  연장  조리원 배치 기준  명 하향  조리공정 간소화와 노동강도 완화 등이 포함돼  ,0
340,이재명  기본사회위원회 설치할 것 ,0, 정년 연장 도 사회적 합의로 추진할 것 이라고 밝혔다  이 후보는 아울러  지속 가능한 연금 개혁을 추진하고  맞춤형 주택연금 제도를 확대해 노후 안전망을 강화하겠다 며  농어촌 기본소득 및 햇빛 바람 연금 등 맞춤형  ,0
341,대전 학교비정규직 교섭 재개된다,1,노조가 제시한 주요 교섭 요구안은  당직 실무원  정년   세  연장   조리원 배치기준을 식수인원  명으로 하향 조정  조리공정 간소화 및 노동강도 완화  상시근무자 자율연수  일 보장  방학 중 비근무자 상시직 전환  ,0
342,이재명  국민 기본 삶 책임질 것  기본사회위 설치 공약,1,특히  일과 삶이 균형 잡힌 사회를 만들겠다 며  주 일제 단계적 도입과 실노동시간 단축 로드맵을 추진하겠다   정년 연장 도 사회적 합의로 추진할 것 이라고 강조했다 ,0
343,  이재명 제주 양산 기본사회위 설치 ,0, 일제 단계적 도입과 사회적 합의를 통한  정년 연장 을 추진하겠다는 구상도 덧붙였습니다  이재명 후보는 내일 김해 봉하마을을 찾아 노무현 전 대통령 서거  주기 추도식에 참석합니다  역시 추도식에 참석하는 문재인  ,0
344,이재명  국가폭력 공소시효 배제 기본사회  공약,1, 주  일제 의 단계적 도입  사회적 합의를 통한  정년 연장  추진도 거듭 약속했습니다  이 후보는 자신에 대해  분배주의자냐  성장주의자냐  일도양단으로 분류하지 말아 달라면서도  지속 성장을 해야만 기본적 인권도  ,0
345,이재명  기본사회위 설치 주  일 정년연장  추진 ,1,뉴스토마토   이진하 기자   이재명 민주당 대선 후보가  기본사회위원회  설치와 주  일제 도입을 핵심으로 하는 기본사회 공약을 발표했습니다  이재명 더불어민주당 대선후보가  일 경남 양산시 양산워터파크공원에서  ,0
346,기본사회 내세운 이재명  아동수당 단계 확대 정년연장  추진 종합 ,0, 정년 연장 도 사회적 합의로 추진할 것 이라고 밝혔다  이 후보의 기본사회 공약과 관련  국민의힘 중앙선거대책위원회 대변인인 박성훈 부산 북을  의원은  국가가 나눠주는 돈으로 표를 사겠다는 현금복지 중심의  ,0
347, 성장 우선 이재명 간판 공약 새 버전  기본사회  꺼냈다,1,주  일제를 도입하고   정년 연장 을 사회적 합의로 추진하겠단 내용도 담겼습니다  지난 대선 땐  기본소득과 기본주택  기본금융을 담은  대 기본 시리즈 를 내세웠는데 당시 공약엔 구체적인 수치 등이 포함돼  ,0
348,급식 파업 정상화 촉각  대전교육청 학비연대회의 교섭 재개,1,노조측이 제시한 교섭 요구안에는  당직실무원  정년   세  연장   조리원  인당 배치 기준  명으로 하향  조리공정 간소화 및 노동강도 완화  상시근무자 자율연수  일 보장  방학 중 비근무자 상시직 전환  직종  ,0
349,대전시교육청  학교비정규직연대회의 직종교섭 재개,1,연대회의가 제시한 주요 요구안에는  당직실무원  정년 연장 만  세  조리원  인당 배치 기준  명으로 하향 조정  조리공정 간소화를 통한 노동강도 완화  상시근무자  ,0
350, 기획  이재명 포퓰리즘 공약 남발  미래세대  빛  될까   빚  될까 ,1, 일제 단계적 도입  정년연장  사회적 합의 추진  농어촌 주민수당 농민 기본소득   햇빛 바람 연금 등을 거듭 강조했다  앞서 이재명 후보는 이번 대선 레이스가 시작되면서 지역별 분야별로 나눠 날마다 릴레이식  ,0
351,이재명  국가가 삶 책임지는  기본사회  추진 기본사회위원회 설치 ,1,이 후보는  주  일제 단계적 도입과 실노동 시간 단축 로드맵 추진   정년 연장 도 사회적 합의로 추진하고 태어날 때부터 노후까지 생애주기별 소득 보장 체계를 촘촘히 구축  아동수당 지급 대상을 단계적으로 확대  청년  ,0
352,기본사회 다시 꺼내든 이재명 정치 대개혁으로 맞불 놓은 김문수,1,공공의료를 확대하고 주  일제   정년 연장  등도 단계적으로 추진하겠다고 약속했다  김문수 국민의힘 대선후보는 이날 국회의원  명  감축과 국회의원 불체포 면책 특권 폐지 등을 골자로 하는 정치개혁 공약을  ,0
353,현대차 노조  올해 임단협 요구안  일 확정 월 중순께 노사 상견례,1,요구안에는 임금 인상안을 비롯해  정년 연장 과 주  일제  통상임금 산입 문제 등이 포함될 가능성이 점쳐진다  업계 관계자는  대선 이후에 임단협 교섭이 시작되는 만큼 노조의 전략이 바뀔 수 있다 며  미국 자동차  ,0
354, 선택      기본사회  설치     의원수   감축 ,1,공공의료를 확대하고 주  일제   정년 연장  등도 단계적으로 추진하겠다고 약속했다  김문수 국민의힘 대선후보는 이날 국회의원  명  감축과 국회의원 불체포 면책 특권 폐지 등을 골자로 하는 정치개혁 공약을  ,0
355,김문수  기업 민원 전담수석 두겠다 경제계  규제혁신 통상 전략 시급 ,1,손경식 경총 회장은  정년 연장   일제 도입  노란봉투법 등에 대한 우려를 표하며  노사 자율성을 존중하고 기업 경쟁력 회복을 위한 제도 개선이 시급하다 고 말했다  윤진식 무역협회 회장은 미국의 상호관세 부활  ,0
356,   생애주기별 소득 보장    기본사회 구축에 기업 역할 주문,1,이 후보는 또  주  일제의 단계적 도입과 실노동시간 단축 로드맵을 추진하겠다 며  정년 연장 도 사회적 합의로 추진할 것 이라고 거듭 강조했다  그는  태어날 때부터 노후까지 생애주기별 소득 보장 체계를 촘촘히  ,0
357,선거운동 반환점  각 후보 차별화 강조,0, 정년 연장 도 사회적 합의로 진행하겠다 라고 밝혔다  김문수 후보는 이날 국민의힘 중앙당사에서 긴급 기자회견을 열고 임기  년 단축 의지를 재확인하면서 대통령  년 중임제 개헌  국회의원 불소추 특권 폐지  국회의원  ,0
358, 기본사회  다시 꺼낸  국가전담기구 설치 ,1,노동 분야에서는 주 일제의 단계적 도입과  정년연장 을 언급했다  이 밖에  돌봄 기본사회 추진  공공분양 임대주택 공급 확대  공교육 국가 책임 강화  청년 국민 패스 확대  햇빛 바람연금 도입  지역화폐  ,0
359,이재명  제주서  세 번째   청산 경남 유세,1,주  일제 도입과  정년 연장  청년미래적금도 약속했습니다  이 후보는 내일 고 노무현 전 대통령  주기 추도식이 열리는 경남 김해 봉하마을을 찾는데  문재인 전 대통령과의 만남도 예상됩니다  국회방송 김동희입니다 ,0
360,대전교육청 학비연대 직종교섭 재개  조리원 직종은 언제쯤 ,0,노조는 당직실무원  정년   세  연장 을 비롯해 학교 급식실 조리원 배치기준  명 하향  조리공정 간소화 노동강도 완화  상시근무자 자율연수  일 보장  방학 중 비근무자 상시직 전환  직종별 고유업무 외 업무지시 금지  ,0
361, 대 대선  이재명  기본사회  공약   차토론 하루 앞두고 발표  주 일 ,1,이재명 더불어민주당 대선 후보는  일 고품질 공공임대 주택 공급 확대  주  일제 단계적 도입  지역화폐 확대와  정년연장  등을 주요 내용으로 한  기본사회 실현  공약을 발표했다  이 후보의  기본 사회  공약은  대  ,0
362, 주  일제   유연화  대선 노동정책 정면 충돌,1,노조법 개정 일명 노란봉투법  주  일제 법제화   정년 연장  포괄임금제 금지  근로감독 강화 등이 주요 내용이다  반면 김문수 후보는  기업하기 좋은 나라  일하기 좋은 나라 를  호 공약으로 제시하며  일자리 창출과  ,0
363,   국회의원 수   감축     기본소득 기본사회 ,1,김문수   사법방해죄  신설 정치개혁안 경제 공약 발표 이재명  일제 정년연장  추진  재확인 이준석  고위공무원  성과 연동 보수제   대한경제 조성아 기자 이재명 더불어민주당 후보 김문수 국민의힘  ,0
364,학교 급식 중단 사태 해결 교섭 재개,0,학비노조의 주요 교섭 요구안은 당직실무원  정년   세  연장  조리원 배치기준  명으로 하향  조리공정 간소화 및 노동강도 완화  상시근무자 자율연수  일 보장  방학 중 비근무자 상시직 전환  직종별 고유업무 외  ,0
365,대전교육청  급식 중단 피해 노조와 직종교섭 재개,0,노조측의 주요 교섭 요구안 내용은 당직실무원  정년   세  연장  조리원 배치기준  명으로 하향  조리공정 간소화 및 노동강도 완화  상시근무자 자율연수  일 보장  방학중 비근무자 상시직 전환  직종별 고유업무 외  ,0
366, 경사노위 계속 고용 방안은  정년 의 이중구조 초래  우려 ,0, 일 국회의원회관에서 열린  초고령사회  노후소득 공백 해결을 위한  정년연장  어떻게 할 것인가  토론회에서 발제를 맡은 정흥준 서울과학기술대 교수 경제학 는 지난  일 경사노위 소속 인구구조 변화대응  ,0
367,대전교육청  학교비정규직연대회의와 직종교섭 재개,1,교섭 요구안 내용은 당직실무원  정년   세  연장  조리원 배치기준  명으로 하향  조리공정 간소화 및 노동강도 완화  상시근무자 자율연수  일 보장  방학중 비근무자 상시직 전환  직종별 고유업무 외 업무지시 금지  ,0
368,이재명  제주 찾아  이번 대선은 세 번째   청산 과정 ,1,주요 공약은  주  일제 단계적 도입  사회적 합의로  정년 연장  추진  아동수당 지급 대상 단계적 확대  청년미래적금 도입  특수고용직과 플랫폼 노동자에게 고용보험 확대 적용  지속 가능한 연금 개혁 추진  ,0
369,김문수  경제 단체장 만나  이재명이 되면 기업에 끔찍한 영향 ,0,이 외에도 참석자들은 건설경기 부진 탈출을 위한 랜드마크 건설 및 스타트업 투자 확대  일괄적인 법정  정년연장  및 노란봉투법 반대  근로시간유연화 확대  상속세 축소와 근로자 과표 구간 상향 등을 요구했다  ,0
370,  대선 주요 공약 비교  극명하게 갈리는   노동공약  권 ,1,고령화 사회에 대비한 계속 고용 방안으로는 단계적 법적  정년 연장 을 언급했다   세를 지난 경우 국민연금 수급 시점 현  세   년  세 까지 생계 절벽이 있는 경우가 많아서다  공약에는 없지만  이 후보는  ,0
371, 친기업  김문수  전담수석 두고  기업하기 좋은 나라 만들겠다 ,0,손경식 회장은  정년 연장 과 주  일제 도입에 우려를 표하며 민간에 자율성을 줘야 한다고 목소리를 높였다  그는  국내외 모든 기관이 성장률 전망을 하향 조정한 어려운 상황에서 기업 활력을 되살릴 정책적 뒷받침이  ,0
372, 대선   이재명  기본사회  김문수  자본시장 활성화  이준석  공직 ,1,근로시간 단축을 위한 주  일제 도입   정년 연장  추진도 핵심 공약에 포함했다  생애주기별 소득보장 체계 구축  아동수당 대상 확대  청년 미래 적금 도입  특수고용직 고용보험 확대 등이 포함됐으며  연금 개혁과 맞춤형  ,0
373,대선 앞두고  정년 연장  드라이브  노동계  재고용은 노동 조건 악 ,1,한국노총  민주노총은 김주영 박해철 서영석 더불어민주당 의원과  일 서울 여의도 국회의원회관에서  초고령사회  노후소득 공백 해결을 위한  정년 연장  어떻게 할 것인가 를 주제로 토론회를 개최했다  류기섭  ,0
374,경사노위 제안  계속고용 의무제 공익위원도  한계 뚜렷 ,0, 사진 연합뉴스  한국노총과 민주노총  김주영 박해철 박홍배 서영석 더불어민주당 의원은  일 오후 서울 여의도 국회의원회관에서  정년연장  어떻게 할 것인가  토론회를 열었다  기조발제를 한 정흥준  ,0
375,경제 단체장 만난 김문수  대통령실에 기업 민원 전담 수석 둘 것 ,1,손경식 경총 회장은 법정  정년 연장  주  일제  노란봉투법 등에 대한 재계 입장을 강조했다  손 회장은  일률적인 법정  정년 연장 은 고령 인력에 대한 부담을 높여 청년층 신규 채용 기회를 축소할 것 이라면서   ,0
376,대전교육청  학교비정규직연대회의와 직종교섭 재개,1,주요 교섭 요구안 내용은 당직실무원  정년   세  연장  조리원 배치기준  명으로 하향  조리공정 간소화 및 노동강도 완화  상시근무자 자율연수  일 보장  방학중 비근무자 상시직 전환  직종별 고유업무 외 업무지시  ,0
377,최태원 만난 김문수  기업 민원실 신설  약속,1,손경식 회장은  법정  정년 연장 보다 재고용 중심의 유연한 고용 정책이 필요하다 며  주 일제와 노란봉투법은 기업 부담을 키울 수 있다 고 우려를 표했다  윤진식 회장은  민관 간 신뢰에 기반한 통상 전략이 필요하다 며  ,0
378, 대선  김문수  대통령실에  기업 민원 수석  신설 경제계는 규제 ,1,손경식 경총 회장은 법정  정년 연장 에 신중한 접근을 요구하며  일률적 연장은 청년 고용을 위축시킬 수 있다 고 우려했다   일제  등 근로시간 단축 움직임에 대해서도  노사 합의를 바탕으로 기업이 자율적으로 조정할  ,0
379,대전교육청  당직실무원부터 노조와 직종교섭 재개 ,1,이번 직종 교섭 주요 요구안은 당직실무원  정년   세  연장  조리원 배치기준  명으로 하향  조리공정 간소화 및 노동강도 완화  상시근무자 자율연수  일 보장  방학중 비근무자 상시직 전환  직종별 고유업무 외  ,0
380,민주당 한국노총  대선 정책협약 세  정년연장  입법 추진 등,1,국민연금 수급 연령과 법정 정년의 차이로 인한 소득공백 해소  급속한 고령화에 따른 노동시장 문제  노년부양비 급증 문제 해소를 위하여 연금 수급 연령과 연계한  세  정년연장 을 노 사 등과의 논의 및 협의를 거쳐  ,0
381, 경사노위 계속고용안  노사간 불필요한 갈등 유발 가능성 ,0,양대노총 등  정년연장  토론회 정년의 이중구조 청년일자리 등 우려  경제사회노동위원회 경사노위  계속고용위원회가  정년 연장 과 관련해 제시한 공익위원안이  정년의 이중구조 를 가져오는 등 한계가 있다는 전문가  ,0
382, 인터뷰 전문 박지혜  김문수   극우유튜버들과 절연 못할 것 ,1,그러니까 이재명 후보께서 그런 지적을 받거나 비판을 받았을 때 좀 자세하게 설명을 해 주면 괜찮았을 텐데 뭐 예를 들어서 이준석 후보가  정년 연장  공약을 하면 뭐 청년 일자리가 사라지는 게 아니냐라고 물어보니까  ,0
383,경제 단체  김문수 후보 만나  신성장 동력 구조개혁 절실 ,0,손경식 회장은 일률적인 법정  정년 연장 의 부작용을 우려하며  퇴직 후 재고용 방식을 통해 세대 간 균형을 도모하는 정책 검토가 필요하다 고 전했다  이어 하청 근로자에 대한 원청 책임을 강화하는 노조법  조 개정안  ,0
384, 대 대선공약  노동 정년연장     단계적 추진 확대     기업 노 ,1,노동 분야 주요 쟁점  주 시간 일 정년연장     노동시간    평균 이하로 정년은 연장     기업하기 좋은 나라  기업 노조에 자율권 부여   아시아타임즈 최태용 기자  이재명 더불어민주당 대선후보와 김문수  ,0
385,김문수 만난 경제계  경제 경고등   신성장 구조개혁 절실 ,1,특히 대선 후보들의 공약에 포함된  정년 연장 과 주  일제 도입에 대한 우려도 함께 전했다  김문수 후보는 불필요한 규제를 철폐해 기업하기 좋은 나라를 만들겠다고 공언했다  대한상공회의소는  일 한국경영자총협회  ,0
386,우리가 주 일제 반대  조선 문화일보 기사에  노조  새로고침  줄탈퇴,0,보수언론에서 새로고침노동자협의회가 주  일제와  정년연장 에 사실상 반대한다는 보도가 잇달아 나온 가운데  협의회 소속이었던 노조들은 동의하지 않는 내용이 거듭 기사화되고 있다며 줄탈퇴가 이어지고 있다는  ,0
387,경제 단체장 만난 김문수  기업 민원 전담수석 두겠다 ,1,손경식 회장은  정년 연장   일제 도입  노란봉투법 등에 우려를 나타내며  노사 자율성을 존중하고  기업이 경쟁력을 회복할 수 있는 제도 개선이 절실하다 고 강조했다  윤진식 회장은 미국의 상호관세 부활 가능성에  ,0
388,재계 만난 김문수  노란봉투법 대신  기업민원 수석 신설 ,1,손경식 한국경총 회장은 법정  정년 연장  방식 대신 퇴직 후 재고용 방식을 통한 일자리 창출을 제안했다  아울러 주 일제  노란봉투법은 기업에 부담이 될 수 있다며 우려를 전달했다  윤진식 무역협회 회장은 신뢰에  ,0
389,대전교육청  급식 차질 부른 비정규직 직종교섭 재개,1,노조 측의 직종교섭 주요 요구안은 당직실무원  정년 연장  조리원 배치기준 하향  조리공정 간소화 및 노동강도 완화  방학중 비근무자 상시직 전환  직종별 고유업무 외 업무지시 금지 등이다  교육청 관계자는  교섭이  ,0
390,김문수 만난 경제  단체  정치권과 적극적 소통,1,손경식 한국경영자총협회 회장은  정년 연장 과  일제 도입 등에 대해 우려를 표했다  윤진식 한국무역협회 회장은 트럼프 대통령의 관세 정책에 대한 우려를 표하며 신뢰 기반의 유연한 통상 전략이 필요하다고 제언했다  ,0
391, 대선   김문수  기업 민원 전담수석 두겠다 경제계  규제혁신 ,1,손경식 회장은  정년 연장   일제 도입  노란봉투법 등에 우려를 나타내며  노사 자율성을 존중하고  기업이 경쟁력을 회복할 수 있는 제도 개선이 절실하다 고 강조했다  윤진식 회장은 미국의 상호관세 부활 가능성에  ,0
392,최태원  과 경제연대 필요 재계  김문수 후보에 제언,1,손경식 회장은  정년 연장 과 주  일제 도입에 우려를 표하며 민간에 자율성을 부여해야 한다고 주장했다  손 회장은  국내외 모든 기관이 성장률 전망을 하향 조정한 어려운 상황에서 기업 활력을 되살릴 정책적 뒷받침이  ,0
393, 대선  이재명  기본사회 실현   기본사회위원회  설치 공약,1,근로 환경 개선 방안으로는 주  일제 도입   정년 연장  고용보험 육아휴직 사각지대 보완  상병수당 확대 등이 제시됐다  교통 분야에선 지역 맞춤형 교통 서비스 확대  청년 국민패스 확대  교통약자 대상 특별교통수단  ,0
394,김문수  기업하기 좋은 나라 만들겠다 기업 민원 전담수석 둘 것 ,1,손 회장은  정년 연장 과 주  일제 도입에 우려를 표하며 민간에 자율성을 부여해야 한다고 목소리를 높였다  그는  국내외 모든 기관이 성장률 전망을 하향 조정한 어려운 상황에서 기업 활력을 되살릴 정책적 뒷받침이  ,0
395,대전시교육청  학비연대 직종교섭 재개 당직실무원 우선 교섭,1,대전시교육청 전경  사진 뉴스핌  주요 교섭 요구안 내용은  당직실무원  정년   세  연장 조리원 배치기준  명으로 하향 조리공정 간소화 및 노동강도 완화 상시근무자 자율연수  일 보장 방학중 비근무자 상시직  ,0
396, 기업하기 좋은 나라  외치는 김문수에  제언 쏟아낸 경제 단체장,0,손경식 회장은  정년 연장  문제는 퇴직 후 재고용 방식으로 풀어나가야 하고  근로시간을 유연화해 경쟁력을 확보해야 한다고 강조했다  손 회장은  많은 기업이 호봉제를 운영하는데  일률적인 법적  정년 연장 은 기존 고령  ,0
397,김문수  자유로운 투자 환경 조성해야 기업 민원 전담 수석 신설 ,1,손 회장은 근로시간 유연화와  정년 연장  대신 재고용 제도를 검토할 것을 제안했고  윤 회장은 수출 규제 대응과 중소기업 지원 확대를 요청했다  최 회장은  상속세 증여세 문제를 해결하지 않으면 중견기업의 해외  ,0
398,이재명  기본사회 실현 국가전담기구 설치 ,1,일과 삶 균형을 위해선 주  일제 단계적 도입  실노동시간 단축 로드맵 추진 등을 내놨다   정년연장 을 사회적 합의로 추진하되 상병수당 시범사업을 단계적으로 확대하겠다고 약속했다 ,0
399,이재명  기본사회  제안 주  일제와 복지 확대 정책 발표,0,이 후보는 일과 삶의 균형을 실현하기 위해 주  일제의 점진적 도입과 노동 시간 단축 계획  그리고 사회적 합의를 기반으로 한  정년 연장  추진을 강조했다  아울러 생애주기별 소득 보장 체제를 강화하고  아동수당 지급  ,0
400,대전 학교 급식 재개될까  대전교육청  노조와  직종교섭  재개,1,한편 노조의 주요 교섭 요구안 내용은 당직실무원  정년   세  연장  조리원 배치기준  명으로 하향  조리공정 간소화 및 노동강도 완화  상시근무자 자율연수  일 보장  방학중 비근무자 상시직 전환  직종별 고유업무 외  ,0
401,김문수 만난 최태원   연합  재차 강조 합치면  조달러 ,0,손경식 경총 회장은 법정  정년 연장 에 대해 반대하는 의견을 내면서 대신 퇴직 후 재고용 방식을 제안했다  또한 주  일제 등이 기업에 부담이 된다는 점  노란봉투법에 대한 우려 등을 언급했다  윤진식 무협 회장은  ,0
402,김문수  이재명  기업환경 악화시켜 경제 살린다  거짓말 ,1,이 외에도 참석자들은 건설경기 부진 탈출을 위한 랜드마크 건설 및 스타트업 투자 확대  일괄적인 법정  정년연장  및 노란봉투법 반대  근로시간유연화 확대  상속세 축소와 근로자 과표 구간 상향 등을 요구했다 ,0
403, 기본사회  대전환 이재명  국가가 생애 전 주기 삶 보장하겠다 ,1,이 후보는  생산성이 높아진 만큼  주  일제 등 실노동시간 단축을 추진해 일과 삶의 균형을 이루겠다 며  상병수당과  정년 연장  고용보험 사각지대 해소로 고용 돌봄 권리를 강화하겠다 고 밝혔다  끝으로 이 후보는  ,0
404, 현장연결  이재명  기본사회 김문수  증시 이준석  공무원 ,0,더불어민주당 이재명 후보는  일제와  정년연장  등을 담은 기본사회공약을 발표했습니다  국민의힘 김문수 후보는 거래소와 대한상의를 잇달아 방문하며 경제 행보를  이준석 개혁신당 후보는 공무원들을 만났는데요  ,0
405,대전교육청  학교비정규직연대회의와 직종교섭 재개,1,주요 교섭 요구안 내용은 당직실무원  정년   세  연장  조리원 배치기준  명으로 하향  조리공정 간소화 및 노동강도 완화  상시근무자 자율연수  일 보장  방학중 비근무자 상시직 전환  직종별 고유업무 외 업무지시  ,0
406,대전교육청  학교비정규직연대회의와 직종교섭 재개,1,주요 교섭 요구안 내용은 당직실무원  정년   세  연장  조리원 배치기준  명으로 하향  조리공정 간소화 및 노동강도 완화  상시근무자 자율연수  일 보장  방학중 비근무자 상시직 전환  직종별 고유업무 외 업무지시  ,0
407,이재명  기본사회 구상 발표   복지 넘는 구조적 전환 ,0,이 후보는 주  일제 도입과 실노동시간 단축 로드맵   정년연장  상병수당 확대 등 노동권 보장 정책도 제시했다  또한 맞춤형 지역 교통 서비스 확대  교통약자 특별교통수단 확충  통신비 지원  공공데이터 개방과   활용  ,0
408,대전교육청  학교 비정규직 직종 교섭 재개 당직 실무원부터 시작,1,노조의 주요 요구는  당직 실무원  정년   세  연장   조리원 배치 기준  명으로 하향  조리 공정 간소화  자율연수  일 보장  방학 중 비근무자 상시직 전환  고유업무 외 지시 금지 등이다  교육청은 조리원을 우선  ,0
409,이재명  기본사회위원회 설치 민관협력체계 구축할 것 ,1,일 생활 균형을 위한 주  일제 근무 도입과 실노동시간 단축   정년연장  논의  상병수당 확대 등 노동시장 혁신 방안도 포함됐다  이 후보는  아프면 쉴 권리인 상병수당 시범사업을 확대해 모두가 두터운 사회적  ,0
410,대전시교육청  학교비정규직연대회의와 직종교섭 재개,1,학비연대의 주요 교섭 요구안은  당직실무원  정년   세  연장   조리원 배치기준  명으로 하향  조리공정 간소화 및 노동강도 완화  상시근무자 자율연수  일 보장  방학 중 비근무자의 상시직 전환  직종별  ,0
411, 급식실 파업 학교  정상화되나 대전교육청 노조 직종교섭 재개,0,주요 노조측 요구안은 당직실무원  정년   세  연장  조리원 배치기준  명 하향  조리공정 간소화 및 노동강도 완화  상시근무자 자율연수  일 보장  방학중 비근무자 상시직 전환  직종별 고유업무 외 업무지시 금지 등이다  ,0
412,대전시교육청  학교비정규직연대회의와 직종교섭 재개,1,주요 교섭 요구안 내용은 당직실무원  정년   세  연장  조리원 배치기준  명으로 하향  조리공정 간소화 및 노동강도 완화  상시근무자 자율연수  일 보장  방학중 비근무자 상시직 전환  직종별 고유업무 외 업무지시  ,0
413,대전교육청 학비연대  당직실무원 직종부터 교섭 재개,1,재개되는 교섭에서 주요 요구안 내용은 당직실무원  정년   세  연장  조리원 배치기준  명으로 하향  조리공정 간소화 및 노동강도 완화  상시근무자 자율연수  일 보장  방학중 비근무자 상시직 전환  직종별 고유업무 외  ,0
414,이재명   기본사회 국가전담기구 설치  주  일제 정년연장  추진 ,1,   조재현기자   더불어민주당 이재명 대선 후보가 기본사회 실현을 위해 국가전담기구인  기본사회위원회 를 설치하고  주  일제의 단계적 도입과  정년연장  추진을 약속했다  이 후보는  일 자신의  ,0
415, 기본 사회  꺼낸 이재명 일제 정년연장 공공의료확충 추진 ,1,이 후보는 특히  일과 삶이 균형이 잡힌 사회를 만들겠다 며  주  일제 단계적 도입과 실노동 시간 단축 로드맵을 추진하고  정년 연장 도 사회적 합의로 추진할 것 이라고 밝혔습니다  아울러 이 후보는  지속 가능한 연금  ,0
416,이재명  기본사회로 나아가겠다 기본사회위 설치  공약,1,이 후보는 특히  일과 삶이 균형이 잡힌 사회를 만들겠다 며  주  일제 단계적 도입과 실노동 시간 단축 로드맵을 추진하겠다 면서  정년 연장 도 사회적 합의로 추진할 것 이라고 밝혔습니다  이 후보는 또  태어날 때부터  ,0
417,이재명  기본사회  공약   주  일제  단계적 도입,0, 주  일제 을 단계적으로 도입하고  정년연장 을 사회적 합의 과정을 거쳐 추진하기로 했다   상병수당  시범사업도 단계적으로 확대한다  이 후보는  고용보험과 육아휴직 제도의 사각지대를 지속적으로 보완해 고용 형태나  ,0
418,이재명   기본 시리즈  재공약 국민 삶  국가가 책임지는 사회 ,1,이뿐만 아니라 이 후보는  아동수당 지급 대상 단계적 확대  안정적 노후 준비를 위한 맞춤형 주택연금 제도 확대  청년미래적금 도입  지역화폐 확대  돌봄기회 사회 추진  주 일제 단계적 도입  정년연장  ,0
419,대전시교육청  학교비정규직연대회의와 직종교섭 재개,1,이들의 주요 요구안은  당직실무원  정년   세  연장   조리원 배치기준  명으로 하향  조리공정 간소화 및 노동강도 완화  상시근무자 자율연수  일 보장  방학 중 비근무자 상시직 전환  직종별 고유업무 외  ,0
420,이재명  기본사회  열어가겠다 국가전담기구도 설치 ,1,이를 위해 구체적으로  주  일제 단계적 도입  정년연장   고용보험과 육아휴직 제도의 사각지대 보완  상병수당 시범사업 단계적 확대 등을 추진한다고 밝혔다  교육분야에서는  보육비 지원과 유아교육의 단계적  ,0
421,대전교육청  학교비정규직연대회의와 직종교섭 재개,1,주요 교섭 요구안 내용은 당직실무원  정년   세  연장  조리원 배치기준  명으로 하향  조리공정 간소화 및 노동강도 완화  상시근무자 자율연수  일 보장  방학중 비근무자 상시직 전환  직종별 고유업무 외 업무지시 금지  ,0
422,이재명  기본사회 국가전담기구 설치  출생부터 노후까지 소득 보장 ,1, 일제 단계적 도입  실노동시간 단축 로드맵 추진을 약속했다   정년연장 도 사회적 합의로 추진하고  고용보험과 육아휴직 제도 사각지대 보완  상병수당 시범사업도 단계적으로 확대하겠다고 덧붙였다 ,0
423,대전시교육청  학교비정규직 교섭 재개  순차적 협의 돌입,1,앞서 교육청과 노조는  년  월까지 직종별  회씩 교섭을 진행했으나  정년 연장   근무조건 개선  고유업무 보호 등 주요 쟁점에 대한 의견차를 좁히지 못하고 교섭 결렬을 맞았다  이후 충남지방노동위원회의 조정  ,0
424,이재명  기본사회위 설치 생애소득 보장 주 일제 추진 ,1,주 일제 단계적 도입과  정년연장 도 공약으로 내세웠다  이 후보는  주  일제 단계적 도입과 실노동시간 단축 로드맵을 추진해 일하는 권리도 쉴 권리도 당연히 존중받는 사회를 만들겠다 며  정년연장 을 사회적 합의로  ,0
425,이재명  기본사회위원회 설치 기본사회로 나아가겠다 ,1, 정년연장 을 사회적 합의로 추진하겠다 고 밝혔다  이 후보는  누구나 편리하게 이동하고  자유롭게 연결되는 사회를 만들겠다 며  지역 실정에 따른 맞춤형 교통 서비스를 확대하겠다  대도시와 광역권에서는 청년  ,0
426,이재명  기본사회 열겠다 국민 기본적인 삶  국가 공동체가 책임 ,1, 일제 단계적 도입과 실노동시간 단축 로드맵 추진  정년연장  사회적 합의 추진  지역 실정에 따른 맞춤형 교통 서비스 확대  통신비 지원과 공공데이터 개방 확대 등도 거론했다 ,0
427,이재명  기본사회위원회 설치 일제 단계적 도입 ,0,이 후보는  주  일제 단계적 도입과 실노동시간 단축 로드맵을 추진하겠다 며  정년연장 을 사회적 합의로 추진하고 고용보험과 육아휴직 제도의 사각지대를 보완하겠다  상병수당 시범사업도 단계적으로  ,0
428,이재명  기본사회 열어가겠다 국가전담기구 설치 ,1,주  일제 단계적 도입과 실노동시간 단축 로드맵을 추진하는 동시에  정년연장 을 사회적 합의로 추진한다는 구상이다  고용보험과 육아휴직 제도의 사각지대를 지속적으로 보완하고  상병수단 시범사업도 단계적으로  ,0
429,다시  기본사회  강조한    국민의 기본적인 삶  국가가 책임져야 ,1,이 후보는 일과 삶이 균형 잡힌 사회를 만들기 위해  주  일제 단계적 도입과 실노동시간 단축 로드맵을 추진하고   정년 연장 을 사회적 합의로 추진하겠다 고 강조했다  그는 국민 이동권을 위해서는 광역 패스와  ,0
430, 초동시각 번 공약 경제 살리기  해답은 나와 있다,1,최근 한창 논의가 활발한  정년 연장  문제다  임금 체계 개편을 동반한  퇴직 후 재고용 으로 지속 가능한 노동력 제공과 안정적 돈벌이 수단이 교환돼야 한다는 의견을 포함  다양한 방법이 제시되고 있다  노인 빈곤 문제  ,0
431,이재명의 기본사회 공약  주 일제   정년연장  지역화폐 확대 ,1,이 후보는 또 영유아에서부터 노인 병간호까지 전 생애를 포괄한  돌봄 기본사회 와 공교육 책임성 강화   주  일제 단계적 도입 및 사회적 합의를 통한  정년 연장  등도 기본사회 공약으로 내놨다 ,0
432,이재명  기본사회 추진 전담기구 설치 생애주기별 소득보장 체계 구축 ,1,이 밖에도 이 후보는  온 동네 초등돌봄  제도 도입 등 공교육 국가 책임 강화  주  일제 단계적 도입 실노동시간 단축 로드맵 추진  지역 맞춤 교통 서비스 확대  정년연장  사회적 합의 추진 등을 공약했습니다  ,0
433,이재명  기본사회로 대전환  공약 제시 국가가 삶의 안전매트 책임지 ,1,주  일제 추진 노동 육아 병행 가능토록 일곱째  주  일제와  정년 연장  등 노동 정책 개혁도 포함됐다  실노동시간 단축  상병수당 단계 확대  고용형태와 소득수준에 상관없는 육아휴직제 개선 등을 통해 일과 돌봄이  ,0
434,이재명  기본사회 국가전담기구 설치 민관협력으로 재정 부담 줄일 것 ,1,노동 분야에서는 주 일제 단계적 도입과  정년연장 을 언급했다  이 후보는  주  일제 단계적 도입과 실노동시간 단축 로드맵을 추진해  일하는 권리도 쉴 권리도 당연히 존중받는 사회를 만들겠다 며  정년연장 을  ,0
435,이재명  정년연장  사회적 합의로 추진 ,1,본 기사는 인포맥스 금융정보 단말기에서  시간 더 빠른  시  분에 서비스된 기사입니다 ,0
436, 현대중공업  노사 임금협상 개시 올해도 원활한 타협 목표 ,1,금속노조 현대중공업지부는 지난달  일에  기본급  만 원 인상  정년   세로  연장   성과금 산출기준 변경 등의 내용을 담은  년 임금교섭 요구안 을  현대중공업에 전달했다  지난해에는 노사 양측이  ,0
437,정의로운 노동  대전환기 노동의 재구성,1,생산인구 감소와 노인빈곤 등으로  정년연장 이 현실화되었으며 출산 이후 여성의 노동시장 재진입이 절실해졌다  해결해야 할 과제들은 산적해 있는데 노동시장은 실질적인 진전을 거의 못 이루고 있다  정의로운 전환도  ,0
438, 노동시장 격변의 시대 법과 제도가 바꾸는 기업의 미래 계산서  율촌 ,1,또 다른 변화는  정년 연장  또는 재고용 제도에 대한 논의다  한국은 세계에서 가장 빠른 속도로 고령화가 진행되고 있다  반면 출산율은  명에도 미치지 못한다  이러한 인구구조 변화는 노동시장에 심각한 영향을 미친다  ,0
439, 오늘 일 의 경제 산업 주요 일정 행사   국가전략기술 혁신포럼  등,1,한계와  정년연장 방향 토론회  시  국회 세미나실    한국노총   정년연장  토론회  시  국회의원회관 제 세미나실    지역 지지체 주요 행사 및 일정   서울시    서울국제정원박람회  개최  일 월 일  ,0
440,규제 샌드박스  기업민원수석 공약이 눈감은  현실 ,1,김 후보 정책 참모인 정구현 제이캠퍼스 원장 전 경기개발연구원장 은  주  시간제   정년 연장  등을 강제할 게 아니라 기업 자율에 맡겨야 한다 고 말했다  문제는 재정 손실이다  김우철 서울시립대 세무학과 교수는  ,0
441, 사설  울산 시내버스 파업만은 안 된다,0,그래서 시급 인상   정년 연장  준공영제 이행 등을 요구하는 노조의 목소리를 이해하지 못할 바는 아니다  하지만  노조의 요구가 감당하기 어려운 수준이라는 사측의 주장도 설득력이 있다  특히 정기상여금을 통상임금에  ,0
442, 사설   바닥 밑 지하  꼴인 청년 일자리  이래도 노동개혁은 뒷전,0,후보들이 외치는 퇴직 후 재고용 정년연장  등 사회적 대타협도 노동시장 유연화가 선행돼야 비로소 가능하다  현실은 암담하다  정부와 정치권은 획일적인 주  시간 근무제의 틀을 깰 예외 조항 하나 만들지 못하고  ,0
443, 공공부문 임금체계 개편  직무 역량 성과 중심 전환 시급 ,0,고용 정년 연장  대비 직무 대신 스킬 역량 중심의 인사관리와 임금관리로의 이행이 요구 된다 고 주장했다  박지순 고려대 교수는  공공기관 인건비는 정부 예산의 상당 부분을 차지하기에 방만한 인건비 지출로  ,0
444, 현대중공업   년 임금교섭 상견례 진행,1,금속노조 현대중공업지부는 지난달  일  기본급  만 원 인상  정년 연장   성과금 산출기준 변경 등의 내용을 담은 올해 임금교섭 요구안을 사측인 회사에 전달했다 ,0
445, 현대   년 임금교섭 상견례  나신평 신용평가서   획득  중 ,1,요구안에는   기본급  만 원 인상  정년 연장   성과금 산출기준 변경 등 내용이 담겼다    나신평 신용평가서   획득 두 단계 상승  은 나이스신용평가 이하 나신평 의  년 결산 재무제표 기준  ,0
446, 대선 공약 분석  노동현안  전략적 노선 뚜렷 지지층 결속   중도층 ,0,한경협은  정년연장  대신 지속가능하고 자율적인 계속고용 방식을 해법으로 내놓았다  한경협은  산업 현장의 다양한 여건을 고려한 자율적인 계속 고용 방식이 바람직하다 며  이를 위한 합리적인 임금체계 개편과 고용  ,0
447,천하람  이준석 찍으면 이준석 당선  잘 써먹길 이재명  대통령 되면 안 ,0, 이재명 후보가  세  정년 연장 을 얘기하고 있는데 그러면   토론에 나오면 당연히  그럼 청년 실업 문제는 이라는 질문이 나올 텐데  왜 그렇게 극단적이냐 며 아무런 정책적 답변을 못 했다  이것만 봐도 이재명 후보가  ,0
448, 조선  실적 회복 무르익은   협력 속 임단협 암초 우려,0,조건없는  정년연장 만  세  등을 요구할 계획이다  지난  일  현대중공업 노사도 상견례를 갖고 임금교섭을 시작했다  노조는 한화오션 노조와 동일한 임금 인상과 더불어  정년연장 임금 피크제 폐지   성과금  ,0
449,닻 올린  현대  임협   실적 호황 속 노사 기싸움  팽팽 ,1,올해 노조의 단체교섭 요구안에는  기본급  만 원 인상 호봉승급분 제외   정년 연장 임금피크제 폐지   성과금 산출기준 변경  최소 퇴직자 수만큼의 신규 채용  근속 수당  년에  만원  휴양시설 확대 특별  ,0
450,파업 예고에  버스 준공영제  회의론 폐지하면 벌어질 일들,0,여기에 노조는 기본급   인상  그리고 현행 만  세인  정년 의  세  연장  등을 사측에 요구하고 있다  반면 사측인 서울시버스운송사업조합은 정기 상여금을 기본급에 포함하는 등 임금 체계 개편이 우선이라고 주장한다  ,0
451, 오늘의 사설     중국간첩  명  기자 영장 가짜뉴스 허망한 귀결 ,0,없다니 정년 연장  법제화  청년 채용 감소 초래   노조 지적 경청해야 년 전 해킹됐는데 깜깜  재발 없도록 민관 보안 감독 강화하라   한국경제   임금체계 개편  서울시 버스 노사만의 문제 아니다 젠슨 황 가세한  ,0
452, 주요 신문 사설 일 조간 ,0,없다니  정년 연장  법제화  청년 채용 감소 초래   노조 지적 경청해야  년 전 해킹됐는데 깜깜  재발 없도록 민관 보안 감독 강화하라   이데일리   해외 소비만 신나는 임시공휴일 부작용  이래도 되나  국가  ,0
453,잃어버렸다던 샤넬 가방  김건희 비서가 돈 더 주고 바꿔갔다  슬로우레 ,0,조선일보는  뭉쳐야 산다 노태우 비자금 환수해야 한다 김용태의 헛발질   배우자 토론회 열자 마오쩌둥을 넘보는 시진핑 정년 연장 하면 청년 일자리 줄어드나 서울대  개와 공동 학위제 국립대 개혁이 먼저다  ,0
454,서울 성곽은 도성  지방은 읍성으로 불러,0,운행이  연장 됐다  그때까지 서울 성곽은 엄격하게 관리하고 있었으므로  남대문을 지나는 전차도 남대문의  연세대에서 박사 학위를 받았고   년 연세대 국어국문학과에서  정년  퇴임했다   홍길동전 과  춘향전  같은  ,0
455,이영면 계속고용위 위원장  공익위원 제언은  시작점 제언 바탕으 ,0, 관련 기사   경사노위   고령자 계속고용의무제 도입  공익위원안으로 제출 공익위원들의 제언은  정년 연장 을 노사의 자율적인 합의에 맡기고 정년퇴직하는 근로자가 더 일하길 희망하면 기업에 계속고용을 의무화하는  ,0
456,노사 모두 반발한  계속고용의무제도  제언 전문가들 평가는  합리 ,0,노동계가 주장한  일률적  정년 연장 과 경영계가 주장한  선택적 재고용  사이에서 절충안을 찾았다는 의미로 풀이된다  그러나 공익위원안 발표 후 노사 양측에서 비판의 목소리가 나왔다  경영계는 공익위원안에  ,0
457,포스코 현대 임단협 상견례 중후장대  하투  본격화,1,트럼프발 관세 전쟁 여파로 산업계 불확실성이 어느 때보다 커진 가운데  노동계가 올해 핵심 교섭 안건으로 앞세운  정년 연장  등을 사측이 수용하기 어렵다고 맞서면서 치열한 하투 를 예고하고 있다   일  ,0
458, 사설  임금체계 개편  서울시 버스 노사만의 문제 아니다,0,대선 후보들이 앞다퉈  정년 연장 이나  주  일제   주  일제 를 약속하고 있지만 기존 호봉제를 직무급제로 바꾸고 근로 시간을 유연화하는 등 생산성을 높일 제도적 뒷받침이 선행되지 않으면 불가능한 일이다  ,0
459, 현대중공업 노사  올해 임금교섭 상견례,1,한편 금속노조 현대중공업지부는 앞서 지난  월 일 기본급  만 원 인상   정년 연장  성과금 산출 기준 변경 등의 내용을 담은  년 임금교섭 요구안 을 회사에 전달했다 ,0
460, 박상준 칼럼 미래 세대를 위해 아픔을 견디자고 말하는 후보는 없는가 ,1,청년들은 연금도 불만이고  정년 연장 에도 불안해 한다  그러니 변화가 필요하다  고용을 늘리는 것이 가장 중요하다  나랏돈으로 하루에 몇 시간 의미 없는 일에 부리고 마는 정책이 아니라  내게도 먹고살 수 있는  ,0
461, 현대중공업 노사  올해 임금교섭 상견례,1,한편 금속노조 현대중공업지부는 지난달  일 기본급  만 원 인상   정년연장  성과금 산출기준 변경 등의 내용을 담은  년 임금교섭 요구안 을 회사에 전달했다 ,0
462,이재명 권영국만  돌봄  국가 주도  공약 김문수  평생복지  강조,0,노후 소득 보장을 강화하는 방안으로 이 후보는 국민연금 수급 연령에 맞춘  정년 연장 을 사회적 합의를 거쳐 단계적으로 추진하겠다고 밝혔다  권 후보는 기초연금  만 원으로 인상 노인최저소득 도입으로 노인 빈곤  ,0
463, 현대중공업 노사 올 임협 시작화두는 임금 인상될 듯,1,임금 인상 외에는 국민연금 수령 시기와 연계한  정년 연장 최장  세  생산직 신규사원 채용 등을 놓고도 노사 간 의견 차이가 예상된다  따라서 노사가 여름휴가 전인  월 말까지 올해 교섭을 마무리한다는 목표를  ,0
464, 현대중공업 노사   년 임금교섭  상견례,1,한편  금속노조 현대중공업지부는 앞서 지난  월  일 기본급  만 원 인상   정년연장  성과금 산출기준 변경 등의 내용을 담은  년 임금교섭 요구안 을 회사에 전달했다 ,0
465,대전 글꽃중 점심 급식 재개 둔산여고  석식 재개 학부모 설문,1,노조 관계자는  당직 실무원들의 정년퇴직 시기가 오는  월 말로  노인 일자리 보장 차원에서의 이들의  정년 연장 과 근로 인정 시간 확대 문제가 더 시급하다 며  조리원 교섭은 당직 실무원 교섭 타결 이후 진행할 방침이다  ,0
466, 현대중공업 노사   년 임금교섭  상견례 향후 교섭 일정 논의,1,금속노조 현대중공업지부는 앞서 지난  월  일 기본급  만 원 인상   정년연장  성과금 산출기준 변경 등의 내용을 담은  년 임금교섭 요구안 을 회사에 전달했다 ,0
467, 현대중공업 노사  올해 임금협상 상견례 임금 인상 폭 쟁점,1,한편 금속노조 현대중공업지부는 지난  월  일 기본급  만 원 인상   정년연장  성과금 산출기준 변경 등의 내용을 담은  년 임금교섭 요구안 을 회사에 전달했다 ,0
468, 현대중공업  올해  임금교섭 상견례 조속한 마무리 한 뜻,1,한편  금속노조 현대중공업지부는 지난  월에 기본급  만 원 인상   정년연장  성과금 산출기준 변경 등의 내용을 담은  년 임금교섭 요구안 을 회사에 전달했다 ,0
469, 현대중공업  임금협상 교섭 시작 조선업 호황에 인상 폭 쟁점,1,임금 인상 외에는 국민연금 수령 시기와 연계한  정년 연장 최장  세  생산직 신규사원 채용 등을 놓고도 노사 간 의견 차이가 예상됩니다  노사는 일단  여름휴가 전인  월 말까지 올해 교섭을 마무리한다는 목표를  ,0
470, 현대중공업 노사   년 임금교섭  상견례,1,한편 금속노조 현대중공업지부는 앞서 지난  월  일 기본급  만 원 인상   정년연장  성과금 산출기준 변경 등의 내용을 담은  년 임금 교섭 요구안 을 회사에 전달했다 ,0
471, 현대중공업 노사    임금교섭 상견례 진행,0,한편 금속노조 현대중공업지부는 앞서 지난  월  일 기본급  만 원 인상   정년연장  성과금 산출기준 변경 등의 내용을 담은  년 임금교섭 요구안 을 회사에 전달했다 ,0
472, 현대중공업   월 내 임단협 교섭 목표 세워,1,임금 인상 외에는 국민연금 수령 시기와 연계한  정년 연장 최장  세  생산직 신규사원 채용 등을 놓고도 노사 간 의견 차이가 예상된다  한편 노사는 여름휴가 전인 오는  월 말까지 올해 교섭을 마무리한다는 목표를  ,0
473, 현대중  올해 임협 시작 조선업 호황에 임금 인상 폭 쟁점,1,임금 인상 외에는 국민연금 수령 시기와 연계한  정년 연장 최장  세  생산직 신규사원 채용 등을 놓고도 노사 간 의견 차이가 예상된다  노사는 일단  여름휴가 전인  월 말까지 올해 교섭을 마무리한다는 목표를 세웠다  ,0
474, 취재수첩  금융노조의  주  일 근무제  요구  국민적 공감대 먼저,0,앞서 금융노조가  주  일 근무제  도입 등 노동시간 단축   정년 연장  임금피크제 개선을 요구했다는 것은 주지의 사실이다  이미 대선 전부터 금융노조는 종종 은행과 금융지주에 줄곧 처우 개선을 요청했다  그러나  ,0
475, 주  일제에 미국 관세 가시밭길 예고된 완성차 임단협,1,이 밖에도 노조는 작년 실적 개선에 따른 공정한 분배   정년연장  미래 고용 안정  신규 인원 충원 등을 요구할 것으로 예상된다  다만 기업 입장에선 근로시간이 줄어들 경우 생산성 저하가 우려되는 상황이다  최근  ,0
476, 전격시사  천하람 개혁신당 상임선거대책위원장    국힘 이길 생각 없 ,1,그리고 이준석 후보가 극단적인 질문을 한 게 아니라 굉장히 검증해야 되는 질문들  예를 들면 아니  정년 연장 을 하겠다고 그러는데 청년 취업 문제는 어떻게 하는 거냐  당연히 검증해야 되는 문제잖아요  이게 무슨  ,0
477, 주  일제 실행어렵다   노조 대선 노동공약 비판,0,송시영  새로고침  비대위원장이 최근 문화일보와 조선일보와의 전화 인터뷰를 통해  임금삭감 없는 주  일제 는 현실적으로 어렵다고 말하고  세  정년연장  법제화도 반대한다고 밝혔다   노조 대선 노동공약 강력  ,0
478, 대권풍향계 이재명  고령층 표심에 구애 대선 앞두고 대한노인회 방 ,1,또한  기초연금 부부 감액 제도 축소   국민연금 수급 연령에 맞춘  정년 연장  등 실생활과 밀접한 공약도 제시했다  이 후보가 중도 보수층을 겨냥한  우클릭 행보 에 힘을 쏟고 있는 것도 고령층 표심을 끌어들이는 데  ,0
479, 아미랑  재발 전이도 꺾지 못한 열정  강단에서 희망을 나누다,1, 년간 몸담은 대학교수  정년 퇴임을 한 달 앞두고 방광암을 진단받은 그는 방광 적출 수술부터 요도 재발  생존 기간  연장  측면에서도 적극 권유할만 했습니다   년 전까지만 해도 백금 기반 항암 치료 진행 후 후속  ,0
480, 피고인  주무시는 거 아니죠  지귀연이 윤석열에게 한 말  슬로우레 ,0, 판사 마음이 백지일 수는 없다 정년 연장 과 청년들 일자리의 상관관계 배드뱅크로 자영업 위기 풀 수 있나 고교 평준화로 돌아가자 공영방송과 넷플릭스 북한에 자가용 소유가 허용됐다 멕시코는 판사를 선거로  ,0
481,이재명  수도권 표심 공략 정치 통합 강조,0,맞춘  정년 연장  등 실생활과 밀접한 공약도 내놓은 바 있다  이어 이 후보는 서울 용산 집중 유세에 앞서 용산구 효창공원에서 김구 묘역에 참배했다  이후 기자들과 만나  용산 마포는 부동산 문제로 민감한 지역인데  ,0
482, 사설 공약가계부 빠진 대선 토론  재원 조달엔 왜 침묵하나,0,국민의힘 김문수 후보  개혁신당 이준석 후보는 노란봉투법  주  시간 근무제  인공지능   정년연장  등을 놓고 이재명 더불어민주당 후보를 협공했다  또 이재명 후보의  커피 원가  원   호텔 노쇼  발언을  ,0
483, 노조  임금 삭감 없는 주  일제 공약은 거짓말 ,0, 정년 연장  법제화 당장은 안 돼  세대가 중심인  새로고침노동자협의회 이하 새로고침 가 주  일제 근로에 대해  임금 삭감 없는 제도 도입은 현실적으로 어렵다 는 입장문을 대선 후보들에게 보내기로 했다  ,0
484, 사설    대선 주요 이슈에서 사라지는 노동 연금 개혁,0,이재명 민주당 후보는 노란봉투법  임금 감소 없는 주 일제   정년 연장  등 기업 부담을 키우는 정책 추진을 약속하고 있다   세계를 선도하는 경제 강국 을 내세우면서도 글로벌 스탠더드에 맞춰 노동시장의 병폐를  ,0
485, 오늘과 내일 박용 청년은 기회  노년은 소득이 없는 나라,1,치밀한 준비도 없이 노인 기준 연령을 높이거나  정년 연장 을 추진하는 건 고령화로 불어날 국가 재정 부담을 개인이나 기업의 몫으로 전가하려는  폭탄 돌리기 에 가깝다  이재명  김문수 후보는 뜬금없이 인공지능  ,0
486,결정타 없었던 대선 토론회 정책보다 네거티브 공방,0, 일 정치권에 따르면 중앙선거관리위원회 주관으로 전날 진행된 경제 분야 대선 후보자  차   토론회에서  명의 후보자는  서민경제  미국 관세대응  정년연장  및 주  일제  원전 재생에너지  첨단산업 및  ,0
487,서울시 버스노조  버스운송사업조합에 임단협 재개 요청,0,단체협약과 관련해선  정년 연장  신규 재 입사자 임금 차별  암행 감찰로 인한 징계 세부안을 논의하자는 내용이다  교섭은 오는  일 일 중  회  오는  일 오후  시  회 등 총  회를 요청했다  교섭 장소는 노조 및  ,0
488, 준비된 대통령 입증   동문서답으로 일관  첫  토론 후 프레임전쟁 ,0,최영해 대변인은  정책 분야에서 시종일관 구체적 답변을 회피하거나  말문이 막히면  극단적이시다 라는 동문서답으로 일관해 국민을 실망케 했다 며  정년연장 과 청년일자리  에너지정책  주 일제 등 주요 이슈에 대해  ,0
489,기하성 오순절  제 차 정기총회  총회장에 고경환 목사 유임,1,헌법 일부 개정의 건으로는 담임목사  정년 을 현 만  세에서 만  세로  연장 하고  교회가 원할 경우  정년 을  연장  또는 조정해 시무할 수 있도록 했다  단 총회 피선거권은 제한시켰다  제 차 총회 목사고시 합격자는 경기옥  ,0
490,자영업자 부채    주  일제  차별금지법 차  토론 쟁점은,0,이번 대선에서 이재명 후보는  사회적 합의를 통한 주 일제 단계적 도입 및  정년 연장  추진  김문수 후보는  노사 합의를 바탕으로 주 시간제 유연화 추진  및  유연근무  방식의 주 일제를 공약했다  최저임금에  ,0
491,  이모저모   대선토론  이준석  작심 이재명 비판  토론은 역시 준스 ,1,지난  일 중앙선거방송토론위원회가 주관한  제 대 대통령선거 초청  차 후보자 토론회 에서 이준석 후보는 이재명 후보의 청년실업 정년연장  정책  대만 중국 간 외교  해상 데이터센터 건립 정책  호텔경제론 등에  ,0
492,이준석  이번에도 빛난  토론 두 자릿수 득표율 향한 변곡점 ,1,이른바  셰셰 발언 을 두고  그것이 외교처세라면  역으로 당하면 어쩔건가  어려운 민생 경제의 해결책으로 공약한  정년 연장 에 대해  청년 일자리 위협 아닌가  등의 예리한 질문을 이어갔다  풍력 발전에 대해서도  ,0
493, 오늘의   뉴스룸  결정타 없던 첫 대선 토론 지지율 변동 주목  ,1,김문수 후보는 이재명 후보의 주  일제  반도체특별법 주  시간 예외   정년연장  정책 등을 거론하며 보수 진영 가치를 내세우는 전략을 펼쳤습니다  이준석 후보는  정책과  코스피   청사진   호텔경제학  등 다양한  ,0
494, 경제는 앞뒤 벽에 갇힌  대형 위험 투자고도화 모험자본 필요 ,0,이 교수는 이를 해결하기 위한 방안으로 대통령 직속 국가혁신추진위원회와 기획예산인구부 가칭  신설을 제안하고  과잉 인프라 통폐합  외국인력 활용   정년 연장  실버 이코노미 육성 등을 포함한 다섯 가지 전략을  ,0
495,   정년 연장     노령연금     주택연금 으로  소득  강화,1,이재명 더불어민주당 후보는  정년 연장  김문수 국민의힘 후보는 노령연금  이준석 개혁신당 후보는 주택연금을 제시했다     정년     일해도 연금 손해 없게     주택연금 활용   일 각 후보가  ,0
496, 두개의 벽  직면한  경제 대기업 벗어나 국가혁신체제 전환해야,0,또  인구 감소로 발생한 과잉 인프라 통폐합  고령인구 활용을 위한  정년 연장   외국인 인력 활용 강화  를 활용한 노동력 부족 보완 등이 필요하다고 제시했다  오태석 한국과학기술기획평가원  원장은  ,0
497,이재명  고령층 표심에 구애 과거와 다른 민주당  강조,1,돌봄 국가책임제   간병비 건강보험 적용   의료 취약계층을 위한 주치의 제도 확대  등이 포함됐다  이와 함께  기초연금 부부 감액 제도 축소   국민연금 수급 연령에 맞춘  정년 연장  등 실생활과 밀접한 공약도 내놨다 ,0
498,  대선  이재명  어르신 돌봄 국가책임제 시행,0,고령자 복지주택 확대  노인 일자리 연계 사업  요양병원 간병비 건강보험 적용  국민연금 수급 연령에 맞춘  정년 연장  등이 주요 내용이다  이 후보는 어버이날인 지난  일  를 통해  어르신이 행복한 나라 라는 제목  ,0
499,첫   토론  김문수 이준석 협공 속 이재명  선방 권영국  수혜 ,1,이재명 후보의 주  일제  반도체특별법 주  시간 예외   정년연장  정책 등을 거론하며 보수 진영 가치를 내세우는 전략을 폈다  이준석 후보는 인공지능  정책과  코스피   청사진   호텔경제론  등 다양한  ,0
